{"title":"Cartographie avec R","markdown":{"yaml":{"title":"Cartographie avec R"},"headingText":"Introduction","containsRefs":false,"markdown":"\n\n\nLa cartographie est un domaine essentiel qui offre une vue plus facile et compréhensible de certains phénomènes que les graphiques et tableaux ne peuvent bien exprimer.R offre plusieurs packages et fonctionnalités pour la cartographie, ce qui en fait un outil puissant pour l'exploration, l'analyse et la représentation visuelle des données spatiales.\n\n## Principaux packages\n\n-   `Cartography`, réaliser des cartes\n-   `ClassInt`, discrétisation de variables quantitatives\n-   `ggspatial`, syntaxe complémentaires à la ggplot\n-   `GISTools`, outils pour faire de la carto\n-   `leaflet`, interractivité avec JavaScript\n-   `maptools`, manipulation de données spatial,\n-   `popcircle`, représentation style bubble plot\n-   `raster`, manipulation de données raster\n-   `RColorBrewe`r, palette de couleurs pour carto\n-   `rgdal`, import de données spatiales\n-   `sf`, nouvelle classe d'objets spatials\n-   `sp`, ancienne classe d'objets spatials\n-   `tidyverse,  ggplot, dplyr`, etc\n-   `tmaptools` pour la carto\n\nPour faire une carte, il est important de préciser le type de projection dans lequel on veut représenter ça. Il s'agit du système de coordonnée de référencement (CRS).\n\n## Les types de données\n\nIl existe essentiellement deux types de données exploitables pour réaliser une carte:\n\n-   Les vecteurs : Il utilise le concept d'objets géométriques comme les lignes (pour les routes par exemple), les points (pour des lieux par exemple) et les polygones (pour des régions ou quartier par exemple). Il existe sous deux types (le type shapefile et le type GSON).\n\n-   Les rasters : il s'agit des images le plus souvent satellites.\n\nLes données spatiales sont téléchargeables sur des sites comme :\n\n-   <https://www.gadm.org/>\n\n-   <https://geoservices.ign.fr/documentation/diffusion/telechargement-donnees-libres.html>\n\nPour la réalisation de cartes avec des données de type shapefile, 4 fichiers de données sont essentielles et doivent porter les mêmes noms mais avec des extensions différentes. Ces extensions sont .shp, .dbf, .shx et le .prj\n\n1.  `.shp` : Le fichier .shp est le fichier principal qui stocke les géométries des entités géographiques. Il peut contenir des points, des lignes ou des polygones représentant des objets tels que des points d'intérêt, des routes, des rivières, des frontières, etc. Ce fichier contient les coordonnées géographiques qui définissent la forme et la position des entités.\n\n2.  `.shx` : Le fichier .shx est l'index spatial associé au fichier .shp. Il stocke des informations d'index qui permettent d'accéder rapidement aux entités géographiques dans le fichier .shp. Cela améliore les performances lors de l'affichage ou de l'interrogation des données géographiques.\n\n3.  `.dbf` : Le fichier .dbf est une table attributaire qui contient des informations non spatiales sur les entités géographiques. Il peut inclure des attributs tels que des noms, des descriptions, des valeurs numériques, des catégories, etc., associés à chaque entité géographique. Ce fichier permet d'associer des données tabulaires aux géométries stockées dans le fichier .shp.\n\n4.  `.prj` : Le fichier .prj est un fichier de projection qui spécifie le système de coordonnées utilisé par les données géographiques dans les fichiers .shp. Il indique comment les coordonnées géographiques sont interprétées spatialement. Ce fichier est essentiel pour garantir que les données géographiques sont correctement projetées et alignées avec d'autres couches de données.\n","srcMarkdownNoYaml":"\n\n## Introduction\n\nLa cartographie est un domaine essentiel qui offre une vue plus facile et compréhensible de certains phénomènes que les graphiques et tableaux ne peuvent bien exprimer.R offre plusieurs packages et fonctionnalités pour la cartographie, ce qui en fait un outil puissant pour l'exploration, l'analyse et la représentation visuelle des données spatiales.\n\n## Principaux packages\n\n-   `Cartography`, réaliser des cartes\n-   `ClassInt`, discrétisation de variables quantitatives\n-   `ggspatial`, syntaxe complémentaires à la ggplot\n-   `GISTools`, outils pour faire de la carto\n-   `leaflet`, interractivité avec JavaScript\n-   `maptools`, manipulation de données spatial,\n-   `popcircle`, représentation style bubble plot\n-   `raster`, manipulation de données raster\n-   `RColorBrewe`r, palette de couleurs pour carto\n-   `rgdal`, import de données spatiales\n-   `sf`, nouvelle classe d'objets spatials\n-   `sp`, ancienne classe d'objets spatials\n-   `tidyverse,  ggplot, dplyr`, etc\n-   `tmaptools` pour la carto\n\nPour faire une carte, il est important de préciser le type de projection dans lequel on veut représenter ça. Il s'agit du système de coordonnée de référencement (CRS).\n\n## Les types de données\n\nIl existe essentiellement deux types de données exploitables pour réaliser une carte:\n\n-   Les vecteurs : Il utilise le concept d'objets géométriques comme les lignes (pour les routes par exemple), les points (pour des lieux par exemple) et les polygones (pour des régions ou quartier par exemple). Il existe sous deux types (le type shapefile et le type GSON).\n\n-   Les rasters : il s'agit des images le plus souvent satellites.\n\nLes données spatiales sont téléchargeables sur des sites comme :\n\n-   <https://www.gadm.org/>\n\n-   <https://geoservices.ign.fr/documentation/diffusion/telechargement-donnees-libres.html>\n\nPour la réalisation de cartes avec des données de type shapefile, 4 fichiers de données sont essentielles et doivent porter les mêmes noms mais avec des extensions différentes. Ces extensions sont .shp, .dbf, .shx et le .prj\n\n1.  `.shp` : Le fichier .shp est le fichier principal qui stocke les géométries des entités géographiques. Il peut contenir des points, des lignes ou des polygones représentant des objets tels que des points d'intérêt, des routes, des rivières, des frontières, etc. Ce fichier contient les coordonnées géographiques qui définissent la forme et la position des entités.\n\n2.  `.shx` : Le fichier .shx est l'index spatial associé au fichier .shp. Il stocke des informations d'index qui permettent d'accéder rapidement aux entités géographiques dans le fichier .shp. Cela améliore les performances lors de l'affichage ou de l'interrogation des données géographiques.\n\n3.  `.dbf` : Le fichier .dbf est une table attributaire qui contient des informations non spatiales sur les entités géographiques. Il peut inclure des attributs tels que des noms, des descriptions, des valeurs numériques, des catégories, etc., associés à chaque entité géographique. Ce fichier permet d'associer des données tabulaires aux géométries stockées dans le fichier .shp.\n\n4.  `.prj` : Le fichier .prj est un fichier de projection qui spécifie le système de coordonnées utilisé par les données géographiques dans les fichiers .shp. Il indique comment les coordonnées géographiques sont interprétées spatialement. Ce fichier est essentiel pour garantir que les données géographiques sont correctement projetées et alignées avec d'autres couches de données.\n"},"formats":{"html":{"identifier":{"display-name":"HTML","target-format":"html","base-format":"html"},"execute":{"fig-width":7,"fig-height":5,"fig-format":"retina","fig-dpi":96,"df-print":"default","error":false,"eval":true,"cache":null,"freeze":false,"echo":true,"output":true,"warning":true,"include":true,"keep-md":false,"keep-ipynb":false,"ipynb":null,"enabled":null,"daemon":null,"daemon-restart":false,"debug":false,"ipynb-filters":[],"engine":"markdown"},"render":{"keep-tex":false,"keep-source":false,"keep-hidden":false,"prefer-html":false,"output-divs":true,"output-ext":"html","fig-align":"default","fig-pos":null,"fig-env":null,"code-fold":"none","code-overflow":"scroll","code-link":false,"code-line-numbers":false,"code-tools":false,"tbl-colwidths":"auto","merge-includes":true,"inline-includes":false,"preserve-yaml":false,"latex-auto-mk":true,"latex-auto-install":true,"latex-clean":true,"latex-max-runs":10,"latex-makeindex":"makeindex","latex-makeindex-opts":[],"latex-tlmgr-opts":[],"latex-input-paths":[],"latex-output-dir":null,"link-external-icon":false,"link-external-newwindow":false,"self-contained-math":false,"format-resources":[],"notebook-links":true,"format-links":true},"pandoc":{"standalone":true,"wrap":"none","default-image-extension":"png","to":"html","output-file":"Carto.html"},"language":{"toc-title-document":"Table of contents","toc-title-website":"On this page","related-formats-title":"Other Formats","related-notebooks-title":"Notebooks","source-notebooks-prefix":"Source","section-title-abstract":"Abstract","section-title-appendices":"Appendices","section-title-footnotes":"Footnotes","section-title-references":"References","section-title-reuse":"Reuse","section-title-copyright":"Copyright","section-title-citation":"Citation","appendix-attribution-cite-as":"For attribution, please cite this work as:","appendix-attribution-bibtex":"BibTeX citation:","title-block-author-single":"Author","title-block-author-plural":"Authors","title-block-affiliation-single":"Affiliation","title-block-affiliation-plural":"Affiliations","title-block-published":"Published","title-block-modified":"Modified","callout-tip-title":"Tip","callout-note-title":"Note","callout-warning-title":"Warning","callout-important-title":"Important","callout-caution-title":"Caution","code-summary":"Code","code-tools-menu-caption":"Code","code-tools-show-all-code":"Show All Code","code-tools-hide-all-code":"Hide All Code","code-tools-view-source":"View Source","code-tools-source-code":"Source Code","code-line":"Line","code-lines":"Lines","copy-button-tooltip":"Copy to Clipboard","copy-button-tooltip-success":"Copied!","repo-action-links-edit":"Edit this page","repo-action-links-source":"View source","repo-action-links-issue":"Report an issue","back-to-top":"Back to top","search-no-results-text":"No results","search-matching-documents-text":"matching documents","search-copy-link-title":"Copy link to search","search-hide-matches-text":"Hide additional matches","search-more-match-text":"more match in this document","search-more-matches-text":"more matches in this document","search-clear-button-title":"Clear","search-detached-cancel-button-title":"Cancel","search-submit-button-title":"Submit","search-label":"Search","toggle-section":"Toggle section","toggle-sidebar":"Toggle sidebar navigation","toggle-dark-mode":"Toggle dark mode","toggle-reader-mode":"Toggle reader mode","toggle-navigation":"Toggle navigation","crossref-fig-title":"Figure","crossref-tbl-title":"Table","crossref-lst-title":"Listing","crossref-thm-title":"Theorem","crossref-lem-title":"Lemma","crossref-cor-title":"Corollary","crossref-prp-title":"Proposition","crossref-cnj-title":"Conjecture","crossref-def-title":"Definition","crossref-exm-title":"Example","crossref-exr-title":"Exercise","crossref-ch-prefix":"Chapter","crossref-apx-prefix":"Appendix","crossref-sec-prefix":"Section","crossref-eq-prefix":"Equation","crossref-lof-title":"List of Figures","crossref-lot-title":"List of Tables","crossref-lol-title":"List of Listings","environment-proof-title":"Proof","environment-remark-title":"Remark","environment-solution-title":"Solution","listing-page-order-by":"Order By","listing-page-order-by-default":"Default","listing-page-order-by-date-asc":"Oldest","listing-page-order-by-date-desc":"Newest","listing-page-order-by-number-desc":"High to Low","listing-page-order-by-number-asc":"Low to High","listing-page-field-date":"Date","listing-page-field-title":"Title","listing-page-field-description":"Description","listing-page-field-author":"Author","listing-page-field-filename":"File Name","listing-page-field-filemodified":"Modified","listing-page-field-subtitle":"Subtitle","listing-page-field-readingtime":"Reading Time","listing-page-field-categories":"Categories","listing-page-minutes-compact":"{0} min","listing-page-category-all":"All","listing-page-no-matches":"No matching items"},"metadata":{"lang":"en","fig-responsive":true,"quarto-version":"1.3.361","bibliography":["references.bib"],"editor":"visual","theme":"cosmo","title":"Cartographie avec R"},"extensions":{"book":{"multiFile":true}}},"pdf":{"identifier":{"display-name":"PDF","target-format":"pdf","base-format":"pdf"},"execute":{"fig-width":5.5,"fig-height":3.5,"fig-format":"pdf","fig-dpi":300,"df-print":"default","error":false,"eval":true,"cache":null,"freeze":false,"echo":true,"output":true,"warning":true,"include":true,"keep-md":false,"keep-ipynb":false,"ipynb":null,"enabled":null,"daemon":null,"daemon-restart":false,"debug":false,"ipynb-filters":[],"engine":"markdown"},"render":{"keep-tex":false,"keep-source":false,"keep-hidden":false,"prefer-html":false,"output-divs":true,"output-ext":"pdf","fig-align":"default","fig-pos":null,"fig-env":null,"code-fold":"none","code-overflow":"scroll","code-link":false,"code-line-numbers":false,"code-tools":false,"tbl-colwidths":true,"merge-includes":true,"inline-includes":false,"preserve-yaml":false,"latex-auto-mk":true,"latex-auto-install":true,"latex-clean":true,"latex-max-runs":10,"latex-makeindex":"makeindex","latex-makeindex-opts":[],"latex-tlmgr-opts":[],"latex-input-paths":[],"latex-output-dir":null,"link-external-icon":false,"link-external-newwindow":false,"self-contained-math":false,"format-resources":[]},"pandoc":{"pdf-engine":"xelatex","standalone":true,"variables":{"graphics":true,"tables":true},"default-image-extension":"pdf","to":"pdf","output-file":"Carto.pdf"},"language":{"toc-title-document":"Table of contents","toc-title-website":"On this page","related-formats-title":"Other Formats","related-notebooks-title":"Notebooks","source-notebooks-prefix":"Source","section-title-abstract":"Abstract","section-title-appendices":"Appendices","section-title-footnotes":"Footnotes","section-title-references":"References","section-title-reuse":"Reuse","section-title-copyright":"Copyright","section-title-citation":"Citation","appendix-attribution-cite-as":"For attribution, please cite this work as:","appendix-attribution-bibtex":"BibTeX citation:","title-block-author-single":"Author","title-block-author-plural":"Authors","title-block-affiliation-single":"Affiliation","title-block-affiliation-plural":"Affiliations","title-block-published":"Published","title-block-modified":"Modified","callout-tip-title":"Tip","callout-note-title":"Note","callout-warning-title":"Warning","callout-important-title":"Important","callout-caution-title":"Caution","code-summary":"Code","code-tools-menu-caption":"Code","code-tools-show-all-code":"Show All Code","code-tools-hide-all-code":"Hide All Code","code-tools-view-source":"View Source","code-tools-source-code":"Source Code","code-line":"Line","code-lines":"Lines","copy-button-tooltip":"Copy to Clipboard","copy-button-tooltip-success":"Copied!","repo-action-links-edit":"Edit this page","repo-action-links-source":"View source","repo-action-links-issue":"Report an issue","back-to-top":"Back to top","search-no-results-text":"No results","search-matching-documents-text":"matching documents","search-copy-link-title":"Copy link to search","search-hide-matches-text":"Hide additional matches","search-more-match-text":"more match in this document","search-more-matches-text":"more matches in this document","search-clear-button-title":"Clear","search-detached-cancel-button-title":"Cancel","search-submit-button-title":"Submit","search-label":"Search","toggle-section":"Toggle section","toggle-sidebar":"Toggle sidebar navigation","toggle-dark-mode":"Toggle dark mode","toggle-reader-mode":"Toggle reader mode","toggle-navigation":"Toggle navigation","crossref-fig-title":"Figure","crossref-tbl-title":"Table","crossref-lst-title":"Listing","crossref-thm-title":"Theorem","crossref-lem-title":"Lemma","crossref-cor-title":"Corollary","crossref-prp-title":"Proposition","crossref-cnj-title":"Conjecture","crossref-def-title":"Definition","crossref-exm-title":"Example","crossref-exr-title":"Exercise","crossref-ch-prefix":"Chapter","crossref-apx-prefix":"Appendix","crossref-sec-prefix":"Section","crossref-eq-prefix":"Equation","crossref-lof-title":"List of Figures","crossref-lot-title":"List of Tables","crossref-lol-title":"List of Listings","environment-proof-title":"Proof","environment-remark-title":"Remark","environment-solution-title":"Solution","listing-page-order-by":"Order By","listing-page-order-by-default":"Default","listing-page-order-by-date-asc":"Oldest","listing-page-order-by-date-desc":"Newest","listing-page-order-by-number-desc":"High to Low","listing-page-order-by-number-asc":"Low to High","listing-page-field-date":"Date","listing-page-field-title":"Title","listing-page-field-description":"Description","listing-page-field-author":"Author","listing-page-field-filename":"File Name","listing-page-field-filemodified":"Modified","listing-page-field-subtitle":"Subtitle","listing-page-field-readingtime":"Reading Time","listing-page-field-categories":"Categories","listing-page-minutes-compact":"{0} min","listing-page-category-all":"All","listing-page-no-matches":"No matching items"},"metadata":{"block-headings":true,"bibliography":["references.bib"],"editor":"visual","documentclass":"scrreprt","title":"Cartographie avec R"},"extensions":{"book":{"selfContainedOutput":true}}}},"projectFormats":["html","pdf"]}