{"title":"Calcul Parallèle","markdown":{"yaml":{"title":"Calcul Parallèle"},"headingText":"Introduction","containsRefs":false,"markdown":"\n\n\nDe manière générale la plupart des traitements que nous faisons suivent le principe du calcul séquentiel ou une tâche doit être exécuté avant que les autres ne soient déclenchés et ainsi de suite. Face à des petites bases de données, le temps pour effectuer ces opérations nous semble court. Cependant, avec de grandes bases de données, il est facile de remarquer la lenteur de l'ordinateur à exécuter les tâches que nous lui demandons. Le calcul séquentiel est ainsi limité. Pour pallier ces problèmes et rendre le calcul moins lent, il est impératif d'utiliser le calcul en parallèle dont l'objectif est de découper la grande tâche en des sous tâches indépendantes et ensuite associer le résultat de chaque sous tâche pour sortir le résultat final.\n\n## Principes généraux\n\n1\\. Briser un calcul informatique en blocs de calcul indépendants;\n\n2\\. Exécuter simultanément (en parallèle) les blocs de calcul sur plusieurs unités de calcul;\n\n3\\. Rassembler les résultats et les retourner.\n\n**Paralléliser** un problème consiste à décomposer ce problème en plusieurs sous problèmes à résoudre simultanément à travers différentes ressources, pour ressortir la solution du problème initial, dans un délai optimal.Ainsi, le principe du calcul parallèle est d'effectuer simultanément une même tâche ou exécuter un même programme de manière parallèle. Cela est aussi possible à travers différentes machines connectées par un réseau où chacun d'eux reçoit une tache à exécuter. Sur R, L'utilité du calcul en parallèle réside dans le faite qu'il permet d'effectuer plus rapidement et de manière asynchrone l'exécution de programme sur des bases de données volumineuses en exploitant simultanément plusieurs unités de calcul d'un ordinateur appelées cœurs\n\n## Etapes du calcul en parallèle\n\n1\\. Démarrer m processus \"travailleurs\" (i.e.cœurs de calcul) et les initialiser;\n\n2\\. Envoyer les fonctions et données nécessaires pour chaque tache aux travailleurs;\n\n3\\. Séparer les taches en m opérations d'envergure similaire et les envoyer aux travailleurs;\n\n4\\. Attendre que tous les travailleurs aient terminer leurs calculs et obtenir leurs résultats;\n\n5\\. Rassembler les résultats des différents travailleurs;\n\n6\\. Arrêter les processus travailleurs\n\n## Calcul en parallèle avec R\n\nR dispose de packages spécialisés dans le calcul en parallèle. Il s'agit de:\n\n-   Package Parallel: inclus dans la distribution de base de R: Il se base sur l'utilisation de fonctions de la\n\nfamille des apply\n\n-   Package doParallel et Foreach:\n\n-   Le package rmr2 (MapReduce)\n\n-   Etc.\n\n## Quelques fonctions\n\nDetectcores(): permet de détecter le nombre cœurs de la machine.\n\n-- Makecluster() :\n\n-- Stopcluster(): est utilisé pour arrêter et libérer les différents workers.\n\n-- La famille des fonctions Applay, adaptées au calcul parallèle sous R permet d'exécuter simultané-\n\nment les opérations sur les différents blocs.\n\n-   parApplay() permet d'effectuer des calculs en parallèle sur une matrice ou un tableau\n\nen utilisant un cluster de travailleurs\n\n-   parLapply() permet d'appliquer une fonction à chaque élément d'une liste en utilisant un\n\ncluster de travailleurs pour exécuter les calculs en parallèle.\n\n-   parSapplay() permet d'appliquer une fonction de manière parallèle à des éléments d'une\n\nliste.Elle prend en argument le jeu de donné et la fonction et retourne un vecteur ou une\n\nmatrice.\n\n-- clusterEvalQ(): Elle est utilisée pour évaluer une expression sur tous les nœuds d'un cluster\n\nparallèle. Elle est utile lorsque vous avez besoin d'exécuter une expression ou de charger des\n\nbibliothèques spécifiques sur chaque nœud du cluster avant d'exécuter des tâches parallèles.\n","srcMarkdownNoYaml":"\n\n## Introduction\n\nDe manière générale la plupart des traitements que nous faisons suivent le principe du calcul séquentiel ou une tâche doit être exécuté avant que les autres ne soient déclenchés et ainsi de suite. Face à des petites bases de données, le temps pour effectuer ces opérations nous semble court. Cependant, avec de grandes bases de données, il est facile de remarquer la lenteur de l'ordinateur à exécuter les tâches que nous lui demandons. Le calcul séquentiel est ainsi limité. Pour pallier ces problèmes et rendre le calcul moins lent, il est impératif d'utiliser le calcul en parallèle dont l'objectif est de découper la grande tâche en des sous tâches indépendantes et ensuite associer le résultat de chaque sous tâche pour sortir le résultat final.\n\n## Principes généraux\n\n1\\. Briser un calcul informatique en blocs de calcul indépendants;\n\n2\\. Exécuter simultanément (en parallèle) les blocs de calcul sur plusieurs unités de calcul;\n\n3\\. Rassembler les résultats et les retourner.\n\n**Paralléliser** un problème consiste à décomposer ce problème en plusieurs sous problèmes à résoudre simultanément à travers différentes ressources, pour ressortir la solution du problème initial, dans un délai optimal.Ainsi, le principe du calcul parallèle est d'effectuer simultanément une même tâche ou exécuter un même programme de manière parallèle. Cela est aussi possible à travers différentes machines connectées par un réseau où chacun d'eux reçoit une tache à exécuter. Sur R, L'utilité du calcul en parallèle réside dans le faite qu'il permet d'effectuer plus rapidement et de manière asynchrone l'exécution de programme sur des bases de données volumineuses en exploitant simultanément plusieurs unités de calcul d'un ordinateur appelées cœurs\n\n## Etapes du calcul en parallèle\n\n1\\. Démarrer m processus \"travailleurs\" (i.e.cœurs de calcul) et les initialiser;\n\n2\\. Envoyer les fonctions et données nécessaires pour chaque tache aux travailleurs;\n\n3\\. Séparer les taches en m opérations d'envergure similaire et les envoyer aux travailleurs;\n\n4\\. Attendre que tous les travailleurs aient terminer leurs calculs et obtenir leurs résultats;\n\n5\\. Rassembler les résultats des différents travailleurs;\n\n6\\. Arrêter les processus travailleurs\n\n## Calcul en parallèle avec R\n\nR dispose de packages spécialisés dans le calcul en parallèle. Il s'agit de:\n\n-   Package Parallel: inclus dans la distribution de base de R: Il se base sur l'utilisation de fonctions de la\n\nfamille des apply\n\n-   Package doParallel et Foreach:\n\n-   Le package rmr2 (MapReduce)\n\n-   Etc.\n\n## Quelques fonctions\n\nDetectcores(): permet de détecter le nombre cœurs de la machine.\n\n-- Makecluster() :\n\n-- Stopcluster(): est utilisé pour arrêter et libérer les différents workers.\n\n-- La famille des fonctions Applay, adaptées au calcul parallèle sous R permet d'exécuter simultané-\n\nment les opérations sur les différents blocs.\n\n-   parApplay() permet d'effectuer des calculs en parallèle sur une matrice ou un tableau\n\nen utilisant un cluster de travailleurs\n\n-   parLapply() permet d'appliquer une fonction à chaque élément d'une liste en utilisant un\n\ncluster de travailleurs pour exécuter les calculs en parallèle.\n\n-   parSapplay() permet d'appliquer une fonction de manière parallèle à des éléments d'une\n\nliste.Elle prend en argument le jeu de donné et la fonction et retourne un vecteur ou une\n\nmatrice.\n\n-- clusterEvalQ(): Elle est utilisée pour évaluer une expression sur tous les nœuds d'un cluster\n\nparallèle. Elle est utile lorsque vous avez besoin d'exécuter une expression ou de charger des\n\nbibliothèques spécifiques sur chaque nœud du cluster avant d'exécuter des tâches parallèles.\n"},"formats":{"html":{"identifier":{"display-name":"HTML","target-format":"html","base-format":"html"},"execute":{"fig-width":7,"fig-height":5,"fig-format":"retina","fig-dpi":96,"df-print":"default","error":false,"eval":true,"cache":null,"freeze":false,"echo":true,"output":true,"warning":true,"include":true,"keep-md":false,"keep-ipynb":false,"ipynb":null,"enabled":null,"daemon":null,"daemon-restart":false,"debug":false,"ipynb-filters":[],"engine":"markdown"},"render":{"keep-tex":false,"keep-source":false,"keep-hidden":false,"prefer-html":false,"output-divs":true,"output-ext":"html","fig-align":"default","fig-pos":null,"fig-env":null,"code-fold":"none","code-overflow":"scroll","code-link":false,"code-line-numbers":false,"code-tools":false,"tbl-colwidths":"auto","merge-includes":true,"inline-includes":false,"preserve-yaml":false,"latex-auto-mk":true,"latex-auto-install":true,"latex-clean":true,"latex-max-runs":10,"latex-makeindex":"makeindex","latex-makeindex-opts":[],"latex-tlmgr-opts":[],"latex-input-paths":[],"latex-output-dir":null,"link-external-icon":false,"link-external-newwindow":false,"self-contained-math":false,"format-resources":[],"notebook-links":true,"format-links":true},"pandoc":{"standalone":true,"wrap":"none","default-image-extension":"png","to":"html","output-file":"CP.html"},"language":{"toc-title-document":"Table of contents","toc-title-website":"On this page","related-formats-title":"Other Formats","related-notebooks-title":"Notebooks","source-notebooks-prefix":"Source","section-title-abstract":"Abstract","section-title-appendices":"Appendices","section-title-footnotes":"Footnotes","section-title-references":"References","section-title-reuse":"Reuse","section-title-copyright":"Copyright","section-title-citation":"Citation","appendix-attribution-cite-as":"For attribution, please cite this work as:","appendix-attribution-bibtex":"BibTeX citation:","title-block-author-single":"Author","title-block-author-plural":"Authors","title-block-affiliation-single":"Affiliation","title-block-affiliation-plural":"Affiliations","title-block-published":"Published","title-block-modified":"Modified","callout-tip-title":"Tip","callout-note-title":"Note","callout-warning-title":"Warning","callout-important-title":"Important","callout-caution-title":"Caution","code-summary":"Code","code-tools-menu-caption":"Code","code-tools-show-all-code":"Show All Code","code-tools-hide-all-code":"Hide All Code","code-tools-view-source":"View Source","code-tools-source-code":"Source Code","code-line":"Line","code-lines":"Lines","copy-button-tooltip":"Copy to Clipboard","copy-button-tooltip-success":"Copied!","repo-action-links-edit":"Edit this page","repo-action-links-source":"View source","repo-action-links-issue":"Report an issue","back-to-top":"Back to top","search-no-results-text":"No results","search-matching-documents-text":"matching documents","search-copy-link-title":"Copy link to search","search-hide-matches-text":"Hide additional matches","search-more-match-text":"more match in this document","search-more-matches-text":"more matches in this document","search-clear-button-title":"Clear","search-detached-cancel-button-title":"Cancel","search-submit-button-title":"Submit","search-label":"Search","toggle-section":"Toggle section","toggle-sidebar":"Toggle sidebar navigation","toggle-dark-mode":"Toggle dark mode","toggle-reader-mode":"Toggle reader mode","toggle-navigation":"Toggle navigation","crossref-fig-title":"Figure","crossref-tbl-title":"Table","crossref-lst-title":"Listing","crossref-thm-title":"Theorem","crossref-lem-title":"Lemma","crossref-cor-title":"Corollary","crossref-prp-title":"Proposition","crossref-cnj-title":"Conjecture","crossref-def-title":"Definition","crossref-exm-title":"Example","crossref-exr-title":"Exercise","crossref-ch-prefix":"Chapter","crossref-apx-prefix":"Appendix","crossref-sec-prefix":"Section","crossref-eq-prefix":"Equation","crossref-lof-title":"List of Figures","crossref-lot-title":"List of Tables","crossref-lol-title":"List of Listings","environment-proof-title":"Proof","environment-remark-title":"Remark","environment-solution-title":"Solution","listing-page-order-by":"Order By","listing-page-order-by-default":"Default","listing-page-order-by-date-asc":"Oldest","listing-page-order-by-date-desc":"Newest","listing-page-order-by-number-desc":"High to Low","listing-page-order-by-number-asc":"Low to High","listing-page-field-date":"Date","listing-page-field-title":"Title","listing-page-field-description":"Description","listing-page-field-author":"Author","listing-page-field-filename":"File Name","listing-page-field-filemodified":"Modified","listing-page-field-subtitle":"Subtitle","listing-page-field-readingtime":"Reading Time","listing-page-field-categories":"Categories","listing-page-minutes-compact":"{0} min","listing-page-category-all":"All","listing-page-no-matches":"No matching items"},"metadata":{"lang":"en","fig-responsive":true,"quarto-version":"1.3.361","bibliography":["references.bib"],"editor":"visual","theme":"cosmo","title":"Calcul Parallèle"},"extensions":{"book":{"multiFile":true}}},"pdf":{"identifier":{"display-name":"PDF","target-format":"pdf","base-format":"pdf"},"execute":{"fig-width":5.5,"fig-height":3.5,"fig-format":"pdf","fig-dpi":300,"df-print":"default","error":false,"eval":true,"cache":null,"freeze":false,"echo":true,"output":true,"warning":true,"include":true,"keep-md":false,"keep-ipynb":false,"ipynb":null,"enabled":null,"daemon":null,"daemon-restart":false,"debug":false,"ipynb-filters":[],"engine":"markdown"},"render":{"keep-tex":false,"keep-source":false,"keep-hidden":false,"prefer-html":false,"output-divs":true,"output-ext":"pdf","fig-align":"default","fig-pos":null,"fig-env":null,"code-fold":"none","code-overflow":"scroll","code-link":false,"code-line-numbers":false,"code-tools":false,"tbl-colwidths":true,"merge-includes":true,"inline-includes":false,"preserve-yaml":false,"latex-auto-mk":true,"latex-auto-install":true,"latex-clean":true,"latex-max-runs":10,"latex-makeindex":"makeindex","latex-makeindex-opts":[],"latex-tlmgr-opts":[],"latex-input-paths":[],"latex-output-dir":null,"link-external-icon":false,"link-external-newwindow":false,"self-contained-math":false,"format-resources":[]},"pandoc":{"pdf-engine":"xelatex","standalone":true,"variables":{"graphics":true,"tables":true},"default-image-extension":"pdf","to":"pdf","output-file":"CP.pdf"},"language":{"toc-title-document":"Table of contents","toc-title-website":"On this page","related-formats-title":"Other Formats","related-notebooks-title":"Notebooks","source-notebooks-prefix":"Source","section-title-abstract":"Abstract","section-title-appendices":"Appendices","section-title-footnotes":"Footnotes","section-title-references":"References","section-title-reuse":"Reuse","section-title-copyright":"Copyright","section-title-citation":"Citation","appendix-attribution-cite-as":"For attribution, please cite this work as:","appendix-attribution-bibtex":"BibTeX citation:","title-block-author-single":"Author","title-block-author-plural":"Authors","title-block-affiliation-single":"Affiliation","title-block-affiliation-plural":"Affiliations","title-block-published":"Published","title-block-modified":"Modified","callout-tip-title":"Tip","callout-note-title":"Note","callout-warning-title":"Warning","callout-important-title":"Important","callout-caution-title":"Caution","code-summary":"Code","code-tools-menu-caption":"Code","code-tools-show-all-code":"Show All Code","code-tools-hide-all-code":"Hide All Code","code-tools-view-source":"View Source","code-tools-source-code":"Source Code","code-line":"Line","code-lines":"Lines","copy-button-tooltip":"Copy to Clipboard","copy-button-tooltip-success":"Copied!","repo-action-links-edit":"Edit this page","repo-action-links-source":"View source","repo-action-links-issue":"Report an issue","back-to-top":"Back to top","search-no-results-text":"No results","search-matching-documents-text":"matching documents","search-copy-link-title":"Copy link to search","search-hide-matches-text":"Hide additional matches","search-more-match-text":"more match in this document","search-more-matches-text":"more matches in this document","search-clear-button-title":"Clear","search-detached-cancel-button-title":"Cancel","search-submit-button-title":"Submit","search-label":"Search","toggle-section":"Toggle section","toggle-sidebar":"Toggle sidebar navigation","toggle-dark-mode":"Toggle dark mode","toggle-reader-mode":"Toggle reader mode","toggle-navigation":"Toggle navigation","crossref-fig-title":"Figure","crossref-tbl-title":"Table","crossref-lst-title":"Listing","crossref-thm-title":"Theorem","crossref-lem-title":"Lemma","crossref-cor-title":"Corollary","crossref-prp-title":"Proposition","crossref-cnj-title":"Conjecture","crossref-def-title":"Definition","crossref-exm-title":"Example","crossref-exr-title":"Exercise","crossref-ch-prefix":"Chapter","crossref-apx-prefix":"Appendix","crossref-sec-prefix":"Section","crossref-eq-prefix":"Equation","crossref-lof-title":"List of Figures","crossref-lot-title":"List of Tables","crossref-lol-title":"List of Listings","environment-proof-title":"Proof","environment-remark-title":"Remark","environment-solution-title":"Solution","listing-page-order-by":"Order By","listing-page-order-by-default":"Default","listing-page-order-by-date-asc":"Oldest","listing-page-order-by-date-desc":"Newest","listing-page-order-by-number-desc":"High to Low","listing-page-order-by-number-asc":"Low to High","listing-page-field-date":"Date","listing-page-field-title":"Title","listing-page-field-description":"Description","listing-page-field-author":"Author","listing-page-field-filename":"File Name","listing-page-field-filemodified":"Modified","listing-page-field-subtitle":"Subtitle","listing-page-field-readingtime":"Reading Time","listing-page-field-categories":"Categories","listing-page-minutes-compact":"{0} min","listing-page-category-all":"All","listing-page-no-matches":"No matching items"},"metadata":{"block-headings":true,"bibliography":["references.bib"],"editor":"visual","documentclass":"scrreprt","title":"Calcul Parallèle"},"extensions":{"book":{"selfContainedOutput":true}}}},"projectFormats":["html","pdf"]}