{"title":"Quarto","markdown":{"yaml":{"title":"Quarto","format":"html","editor":"visual","bibliography":"references.bib"},"headingText":"INTRODUCTION","headingAttr":{"id":"sec-introduction","classes":["titre"],"keyvalue":[]},"containsRefs":false,"markdown":"\n\n\nNotre objectif dans cette présentation est d'explorer les différentes façons de présenter un document sur Quarto. Un bon environnement qui est très pratique et simple à utiliser contrairement à Rmarkdown qui nous fait écrire des codes et perdre du temps. La chose la plus intéressante sur ce environnement est qu'il offre une interface visuel et source (pour les codes). Nous allons ainsi voir comment produire un bon document avec Quarto, en d'autres termes que doit-on savoir pour produire un bon document Quarto ? La répone dans la suite\n\n## Insertion des titres\n\nPour insérer un titre dans Quarto il faut juste cliquer sur l'onglet `Normal` et on choisit le niveau de titre que l'on souhaite. On a Header 1 à Header 6 correspondant à Titre de niveau 1 à Titre de niveau 6.\n\n## Titre 2\n\n### Titre 3\n\n#### Titre 4\n\n##### Titre 5\n\n###### Titre 6\n\nPar défaut le texte est sous le format `Normal`\n\n## Style du texte\n\nOn peut préciser le style du texte que l'on est entrain d'écrire. Par exemple, si nous voulons que cela soit en gras, en italique, en majuscule, minuscule, sous forme d'indice ou encore d'exposant. Pour ce faire il suffit d'aller dans l'onglet `Format` de notre barre des taches.\n\nPour les textes en majuscule ou minuscule, barré il faut aller à `Format ⭆ Text`.\n\n## Mise en couleur\n\nPour les mises en couleur, il faudra une maitrîse du langage CSS. Par exemple supposons que nous voulons metrre le texte suivant: `Je suis content` en bleu, je sélectionne d'abord mon texte , ensuite je vais dans `Format ⟹ Div` et dans l'attribut `CSS Style` je précise mon code pour la couleur. Cependant il peut arriver que je veuilles que seul mon texte `content` soit en bleu. Là je vais la même chose mais au lieu d'insérer une div, j'insère un span.\n\nComme illustration de ce que je dis :\n\n::: {style=\"color: blue;\"}\nJe suis content\n:::\n\nJe suis [content]{style=\"color: blue\"}\n\n## Bordure de texte\n\nJe peux aussi vouloir encadre mon texte. Il faut dans ce cas aussi, faire appel à des compétences en CSS. Et procéder comme au niveau de la mise en couleur selon que veut que ce soit tout le texte ou juste une pârtie.\n\n::: {style=\"border: 1px solid red; padding: 10px;\"}\nJe suis content\n:::\n\nJe suis [content]{style=\"border: 1px solid red; padding: 10px;\"}\n\nPour la position du texte (centrée, justifié, à droite ou à gauche la même chose est utilisée avec du code CSS\n\n::: {style=\"text-align: center;\"}\nCentré\n:::\n\n::: {style=\"text-align; left;\"}\n[Aligné à gauche]{style=\"text-align: left;\"}\n:::\n\n::: {style=\"text-align: right;\"}\nAligné à droite\n:::\n\n## Listes\n\nPour créer une liste, on peut la faire soit de façon ordonnée ou non. Pour ce faire, on part dans l'onglet `Format ➨ Bullets & Numbering` et on choisit le type selon qu'on veuille oronnée ou non ordonnée.\n\nPar exemple\n\n-   Alex\n\n-   Durel\n\n-   Mohamed\n\nListe non ordonnée\n\n1.  Alex\n\n2.  Durel\n\n3.  Mohamed\n\nListe ordonnée\n\n## Insérer une image\n\nPour insérer une image, nous allons dans le menu `Insérer` et on choisit `Image/Figure`. On ala possibilité de choisir sa taille, sa largeur et aussi son titre.\n\n![Une image](cover.png){fig-align=\"center\"}\n\nMaintenant il peut arriver qu'on veuille insérer deux image l'une à coté de l'autre et non l'une après l'autre. Pour cela, nous devons inérer d'abord une div et préciser dans son attribut other que notre div contient 2 colonnes par `layout-ncol= 2`. En voici un exemple\n\n::: {layout-ncol=\"2\"}\n![](A.png){fig-alt=\"Erreur\"}\n\n![](A.png)\n:::\n\nSupposons qu'on veuille mettre 3 images dont deux en haut et une en bas. Il suffit juste de préciser dans Other ceci: `layout=\"[[1,1], [1]]\"`\n\n::: {layout=\"[[1,1], [1]]\"}\n![](1.jpg){width=\"1080\"}\n\n![](2.jpg){width=\"1080\"}\n\n![](3.jpg){fig-align=\"center\" width=\"1080\"}\n:::\n\nSupposons je veux mettre 4 images 2 en lignes et 2 en colonnes.\n\n::: {layout=\"[[1,1], [1,1]]\"}\n![](1.jpg){width=\"500\"}\n\n![](2.jpg){width=\"500\"}\n\n![](3.jpg){width=\"500\"}\n\n![](4.jpg){width=\"500\"}\n:::\n\nMaintenant si on veut deux images dont l'une est grand et l'autre petite en bas. On précise ceci dans Other `layout=\"[25,-2,10]\" layout-valign=\"bottom\"`\n\n::: {layout=\"[25,-2,10]\" layout-valign=\"bottom\"}\n![](A.png)\n\n![](A.png)\n:::\n\n## \n\n## Insertion des tableaux\n\nPour insérer un tableau il suffit d'aller dans le menu `Table` et de cliquer `Insert Table`. Ensuite préciser les dimensions et le titre de ce tableau.\n\n| Col1 | Col2 | Col3 |\n|------|------|------|\n|      |      |      |\n|      |      |      |\n|      |      |      |\n\n: Mon premier tableau\n\nOn peut comme les imges mettre aussi plusieurs tableau selon ce qu'on veut. Voici ici deux tableau plaé sur la même ligne.\n\n::: {layout-ncol=\"2\"}\n| Col1 | Col2 | Col3 |\n|------|------|------|\n|      |      |      |\n|      |      |      |\n|      |      |      |\n\n: Tableau 1\n\n| Col1 | Col2 | Col3 |\n|------|------|------|\n|      |      |      |\n|      |      |      |\n|      |      |      |\n\n: Tableau 2\n:::\n\nSupposons mainteant que l'on veuille commenter le tableau mais que le commentaire se trouve à gauche du tableau. On place alors dans notre précédente div un texte à la place du deuxième tableau\n\n::: {layout-ncol=\"2\"}\n![](A.png)\n\nLe score final du match a été 2-1 en faveur des ISEP3/AS3\n:::\n\n## Insertion des diagrammes\n\nOn peut être amené dans notre présentation à insérer un diagramme. Pour cela, nous devons avoir des compétences en Graphviz ou encore Mermaid.\n\nUn exemple ici\n\n```{mermaid}\nflowchart LR\n  A[A] --> B(B)\n  B --> C{C}\n  C --> D[D]\n  C --> E[E]\n  C --> F[F]\n```\n\n```{dot}\n//| label: fig-simple\n//| fig-cap: \"Ceci est un diagramme Graphviz\"\ngraph G {\n  layout=neato\n  courir -- intr;\n  intr -- runbl;\n  runbl -- courir;\n  run -- noyau;\n  noyau -- zombie;\n  noyau -- dormir;\n  noyau -- runmem;\n  dormir -- swap;\n  swap -- runswap;\n  runswap -- nouveau;\n  runswap -- runmem;\n  nouveau -- runmem;\n  dormir -- runmem;\n  \n}\n```\n\nOn peut aussi insérer des formes en utilisant du code CSS.\n\n::: {style=\"background: #2780e3; width: 350px; height: 350px; border-radius: 100px;\"}\n:::\n\n## Insérer un graphique\n\nNous pouvons travailler directement avec notre base de données dans Quarto et essayer de sortir des graphiques à partir des variables de la base. Pour cela nous aurons besoin d'insérer un chunk R . Voici un exemple:\n\n```{r}\n#| echo: false\n#| warning: false\n#| label: fig-mpg\n#| fig-cap: \"Quelques graphes\"\n#| fig-subcap:\n#|   - \"Couleur par nombre de cylindres\"\n#|   - \"Couleur parn déplacement d'engin\"\n#| layout-ncol: 2\n#| column: page\nlibrary(ggplot2)\nggplot(mpg, aes(x = hwy, y = cty, color = cyl)) +\n  geom_point(alpha = 0.5, size = 2) +\n  scale_color_viridis_c() +\n  theme_minimal()\n\nggplot(mpg, aes(x = hwy, y = cty, color = displ)) +\n  geom_point(alpha = 0.5, size = 2) +\n  scale_color_viridis_c(option = \"E\") +\n  theme_minimal()\n```\n\n## Insérer un saut de page\n\nCe dernier ne peut focntionner qu'avec les documents Word et PDF. Pour ce fairenil faut insérer un shortcode avec `Insert - shotcode` et préciser `page break`\n\n{{< pagebreak >}}\n\n## Insérer un lien\n\nPour ce faire, il faudra aller dans `Insérer - Link`. Ensuite mettre le lien et préciser le texte à afficher et sur lequel cliquer pour avoir la page. Voici un exemple\n\n[Dashboard Jupyter](https://explainerdashboard.readthedocs.io/en/latest/)\n\n## Insérer une équation\n\nPour insérer une équation dans Quarto, il faut maitriser les codes LateX. Pour ce faire aller dans `Insert - LaTeX Math`. Ensuite suivant qu'on veut mettre ça sur la ligne de notre texte ou encore en bloc seul, il faut choisir InlineMath ou Display Math. $E=mC^2$\n\n$$\nE=mC^2\n$$ {#eq-lorenz}\n\n## Insérer des symboles ou emoji\n\nOn peut insérer les symboles dans Quarto en allant à `Insert - Special Character - Insert Unicode` ou encore `Insert - special character - Insert Emoji`\n\n¢🤣\n\n## Insérer des liens hypertextes {#emoji}\n\nOn peut insérer des liens hypertextes vers des équations ou encore vers un tableau, une figure ou encore des titres. Pour ce faire il faudra d'abord préciser dans attributs l'ID du titre, texte ou figure. Ensuite vous allez dans `Insert - Cross reference`.\n\nAller à @eq-lorenz\n\nAllez à @fig-mpg\n\nAllez à @sec-introduction\n\n## Insérer des notes de bas de pages\n\nIl suffit d'insérer des notes de bas de page juste après le mot concerné. Pour cela cliquez `Insert - Footnote` . Une sorte de nouvelle page apparait en bas avec le numéro du bas de page que vous insérez.\n\nPar exemple. Je m'appelle LABOU [^document-finale-1]Komla Alex.\n\n[^document-finale-1]: Nom d'une tribu au Sud du Togo\n\n## Insérer des notes\n\nSi nous voulons mettre en exergue quelque chose dans un document, nous pouvons le faire en insérant un note (callout) en précisant le type que nous voulons (Important, note...).\n\n::: callout-important\n## Important\n\nCe texte est très important\n:::\n\n::: callout-warning\n## Attention\n\nRevoyez votre comportement.\n:::\n\n## Insérer des références bibliothèque\n\nPour insérer une citation tirée d'un document pendant que nous écrivons, nous devons connaitre le DOI de la source. Le DOI est un identifiant que chaque article en ligne a et c'est propre à cet article. Autrement, deux artciles ne peuvent pas avoir le mm DOI.\n\nPour ce faire une fois que nous avons écrit notre citation, pour la sourcer nous insérons le DOI du fichier dans `Insert - Citation - DOI` et nous ajoutons le DOI du fichier. Automatiquement il insère ce fichier dans notre référence bibligraphique en bas. Ainsi il est important d'insérer un titre référence après le document que nous écrivons.\n\nPar exmple\n\nL'Afrique est un contient très sous développé [@coulombe2009].\n\nVoici ce qui met fin à notre document. Nous espérons que vous l'avez apprécié.\n\n## Référence bibliographique\n","srcMarkdownNoYaml":"\n\n## INTRODUCTION {#sec-introduction .titre}\n\nNotre objectif dans cette présentation est d'explorer les différentes façons de présenter un document sur Quarto. Un bon environnement qui est très pratique et simple à utiliser contrairement à Rmarkdown qui nous fait écrire des codes et perdre du temps. La chose la plus intéressante sur ce environnement est qu'il offre une interface visuel et source (pour les codes). Nous allons ainsi voir comment produire un bon document avec Quarto, en d'autres termes que doit-on savoir pour produire un bon document Quarto ? La répone dans la suite\n\n## Insertion des titres\n\nPour insérer un titre dans Quarto il faut juste cliquer sur l'onglet `Normal` et on choisit le niveau de titre que l'on souhaite. On a Header 1 à Header 6 correspondant à Titre de niveau 1 à Titre de niveau 6.\n\n## Titre 2\n\n### Titre 3\n\n#### Titre 4\n\n##### Titre 5\n\n###### Titre 6\n\nPar défaut le texte est sous le format `Normal`\n\n## Style du texte\n\nOn peut préciser le style du texte que l'on est entrain d'écrire. Par exemple, si nous voulons que cela soit en gras, en italique, en majuscule, minuscule, sous forme d'indice ou encore d'exposant. Pour ce faire il suffit d'aller dans l'onglet `Format` de notre barre des taches.\n\nPour les textes en majuscule ou minuscule, barré il faut aller à `Format ⭆ Text`.\n\n## Mise en couleur\n\nPour les mises en couleur, il faudra une maitrîse du langage CSS. Par exemple supposons que nous voulons metrre le texte suivant: `Je suis content` en bleu, je sélectionne d'abord mon texte , ensuite je vais dans `Format ⟹ Div` et dans l'attribut `CSS Style` je précise mon code pour la couleur. Cependant il peut arriver que je veuilles que seul mon texte `content` soit en bleu. Là je vais la même chose mais au lieu d'insérer une div, j'insère un span.\n\nComme illustration de ce que je dis :\n\n::: {style=\"color: blue;\"}\nJe suis content\n:::\n\nJe suis [content]{style=\"color: blue\"}\n\n## Bordure de texte\n\nJe peux aussi vouloir encadre mon texte. Il faut dans ce cas aussi, faire appel à des compétences en CSS. Et procéder comme au niveau de la mise en couleur selon que veut que ce soit tout le texte ou juste une pârtie.\n\n::: {style=\"border: 1px solid red; padding: 10px;\"}\nJe suis content\n:::\n\nJe suis [content]{style=\"border: 1px solid red; padding: 10px;\"}\n\nPour la position du texte (centrée, justifié, à droite ou à gauche la même chose est utilisée avec du code CSS\n\n::: {style=\"text-align: center;\"}\nCentré\n:::\n\n::: {style=\"text-align; left;\"}\n[Aligné à gauche]{style=\"text-align: left;\"}\n:::\n\n::: {style=\"text-align: right;\"}\nAligné à droite\n:::\n\n## Listes\n\nPour créer une liste, on peut la faire soit de façon ordonnée ou non. Pour ce faire, on part dans l'onglet `Format ➨ Bullets & Numbering` et on choisit le type selon qu'on veuille oronnée ou non ordonnée.\n\nPar exemple\n\n-   Alex\n\n-   Durel\n\n-   Mohamed\n\nListe non ordonnée\n\n1.  Alex\n\n2.  Durel\n\n3.  Mohamed\n\nListe ordonnée\n\n## Insérer une image\n\nPour insérer une image, nous allons dans le menu `Insérer` et on choisit `Image/Figure`. On ala possibilité de choisir sa taille, sa largeur et aussi son titre.\n\n![Une image](cover.png){fig-align=\"center\"}\n\nMaintenant il peut arriver qu'on veuille insérer deux image l'une à coté de l'autre et non l'une après l'autre. Pour cela, nous devons inérer d'abord une div et préciser dans son attribut other que notre div contient 2 colonnes par `layout-ncol= 2`. En voici un exemple\n\n::: {layout-ncol=\"2\"}\n![](A.png){fig-alt=\"Erreur\"}\n\n![](A.png)\n:::\n\nSupposons qu'on veuille mettre 3 images dont deux en haut et une en bas. Il suffit juste de préciser dans Other ceci: `layout=\"[[1,1], [1]]\"`\n\n::: {layout=\"[[1,1], [1]]\"}\n![](1.jpg){width=\"1080\"}\n\n![](2.jpg){width=\"1080\"}\n\n![](3.jpg){fig-align=\"center\" width=\"1080\"}\n:::\n\nSupposons je veux mettre 4 images 2 en lignes et 2 en colonnes.\n\n::: {layout=\"[[1,1], [1,1]]\"}\n![](1.jpg){width=\"500\"}\n\n![](2.jpg){width=\"500\"}\n\n![](3.jpg){width=\"500\"}\n\n![](4.jpg){width=\"500\"}\n:::\n\nMaintenant si on veut deux images dont l'une est grand et l'autre petite en bas. On précise ceci dans Other `layout=\"[25,-2,10]\" layout-valign=\"bottom\"`\n\n::: {layout=\"[25,-2,10]\" layout-valign=\"bottom\"}\n![](A.png)\n\n![](A.png)\n:::\n\n## \n\n## Insertion des tableaux\n\nPour insérer un tableau il suffit d'aller dans le menu `Table` et de cliquer `Insert Table`. Ensuite préciser les dimensions et le titre de ce tableau.\n\n| Col1 | Col2 | Col3 |\n|------|------|------|\n|      |      |      |\n|      |      |      |\n|      |      |      |\n\n: Mon premier tableau\n\nOn peut comme les imges mettre aussi plusieurs tableau selon ce qu'on veut. Voici ici deux tableau plaé sur la même ligne.\n\n::: {layout-ncol=\"2\"}\n| Col1 | Col2 | Col3 |\n|------|------|------|\n|      |      |      |\n|      |      |      |\n|      |      |      |\n\n: Tableau 1\n\n| Col1 | Col2 | Col3 |\n|------|------|------|\n|      |      |      |\n|      |      |      |\n|      |      |      |\n\n: Tableau 2\n:::\n\nSupposons mainteant que l'on veuille commenter le tableau mais que le commentaire se trouve à gauche du tableau. On place alors dans notre précédente div un texte à la place du deuxième tableau\n\n::: {layout-ncol=\"2\"}\n![](A.png)\n\nLe score final du match a été 2-1 en faveur des ISEP3/AS3\n:::\n\n## Insertion des diagrammes\n\nOn peut être amené dans notre présentation à insérer un diagramme. Pour cela, nous devons avoir des compétences en Graphviz ou encore Mermaid.\n\nUn exemple ici\n\n```{mermaid}\nflowchart LR\n  A[A] --> B(B)\n  B --> C{C}\n  C --> D[D]\n  C --> E[E]\n  C --> F[F]\n```\n\n```{dot}\n//| label: fig-simple\n//| fig-cap: \"Ceci est un diagramme Graphviz\"\ngraph G {\n  layout=neato\n  courir -- intr;\n  intr -- runbl;\n  runbl -- courir;\n  run -- noyau;\n  noyau -- zombie;\n  noyau -- dormir;\n  noyau -- runmem;\n  dormir -- swap;\n  swap -- runswap;\n  runswap -- nouveau;\n  runswap -- runmem;\n  nouveau -- runmem;\n  dormir -- runmem;\n  \n}\n```\n\nOn peut aussi insérer des formes en utilisant du code CSS.\n\n::: {style=\"background: #2780e3; width: 350px; height: 350px; border-radius: 100px;\"}\n:::\n\n## Insérer un graphique\n\nNous pouvons travailler directement avec notre base de données dans Quarto et essayer de sortir des graphiques à partir des variables de la base. Pour cela nous aurons besoin d'insérer un chunk R . Voici un exemple:\n\n```{r}\n#| echo: false\n#| warning: false\n#| label: fig-mpg\n#| fig-cap: \"Quelques graphes\"\n#| fig-subcap:\n#|   - \"Couleur par nombre de cylindres\"\n#|   - \"Couleur parn déplacement d'engin\"\n#| layout-ncol: 2\n#| column: page\nlibrary(ggplot2)\nggplot(mpg, aes(x = hwy, y = cty, color = cyl)) +\n  geom_point(alpha = 0.5, size = 2) +\n  scale_color_viridis_c() +\n  theme_minimal()\n\nggplot(mpg, aes(x = hwy, y = cty, color = displ)) +\n  geom_point(alpha = 0.5, size = 2) +\n  scale_color_viridis_c(option = \"E\") +\n  theme_minimal()\n```\n\n## Insérer un saut de page\n\nCe dernier ne peut focntionner qu'avec les documents Word et PDF. Pour ce fairenil faut insérer un shortcode avec `Insert - shotcode` et préciser `page break`\n\n{{< pagebreak >}}\n\n## Insérer un lien\n\nPour ce faire, il faudra aller dans `Insérer - Link`. Ensuite mettre le lien et préciser le texte à afficher et sur lequel cliquer pour avoir la page. Voici un exemple\n\n[Dashboard Jupyter](https://explainerdashboard.readthedocs.io/en/latest/)\n\n## Insérer une équation\n\nPour insérer une équation dans Quarto, il faut maitriser les codes LateX. Pour ce faire aller dans `Insert - LaTeX Math`. Ensuite suivant qu'on veut mettre ça sur la ligne de notre texte ou encore en bloc seul, il faut choisir InlineMath ou Display Math. $E=mC^2$\n\n$$\nE=mC^2\n$$ {#eq-lorenz}\n\n## Insérer des symboles ou emoji\n\nOn peut insérer les symboles dans Quarto en allant à `Insert - Special Character - Insert Unicode` ou encore `Insert - special character - Insert Emoji`\n\n¢🤣\n\n## Insérer des liens hypertextes {#emoji}\n\nOn peut insérer des liens hypertextes vers des équations ou encore vers un tableau, une figure ou encore des titres. Pour ce faire il faudra d'abord préciser dans attributs l'ID du titre, texte ou figure. Ensuite vous allez dans `Insert - Cross reference`.\n\nAller à @eq-lorenz\n\nAllez à @fig-mpg\n\nAllez à @sec-introduction\n\n## Insérer des notes de bas de pages\n\nIl suffit d'insérer des notes de bas de page juste après le mot concerné. Pour cela cliquez `Insert - Footnote` . Une sorte de nouvelle page apparait en bas avec le numéro du bas de page que vous insérez.\n\nPar exemple. Je m'appelle LABOU [^document-finale-1]Komla Alex.\n\n[^document-finale-1]: Nom d'une tribu au Sud du Togo\n\n## Insérer des notes\n\nSi nous voulons mettre en exergue quelque chose dans un document, nous pouvons le faire en insérant un note (callout) en précisant le type que nous voulons (Important, note...).\n\n::: callout-important\n## Important\n\nCe texte est très important\n:::\n\n::: callout-warning\n## Attention\n\nRevoyez votre comportement.\n:::\n\n## Insérer des références bibliothèque\n\nPour insérer une citation tirée d'un document pendant que nous écrivons, nous devons connaitre le DOI de la source. Le DOI est un identifiant que chaque article en ligne a et c'est propre à cet article. Autrement, deux artciles ne peuvent pas avoir le mm DOI.\n\nPour ce faire une fois que nous avons écrit notre citation, pour la sourcer nous insérons le DOI du fichier dans `Insert - Citation - DOI` et nous ajoutons le DOI du fichier. Automatiquement il insère ce fichier dans notre référence bibligraphique en bas. Ainsi il est important d'insérer un titre référence après le document que nous écrivons.\n\nPar exmple\n\nL'Afrique est un contient très sous développé [@coulombe2009].\n\nVoici ce qui met fin à notre document. Nous espérons que vous l'avez apprécié.\n\n## Référence bibliographique\n"},"formats":{"html":{"identifier":{"display-name":"HTML","target-format":"html","base-format":"html"},"execute":{"fig-width":7,"fig-height":5,"fig-format":"retina","fig-dpi":96,"df-print":"default","error":false,"eval":true,"cache":null,"freeze":false,"echo":true,"output":true,"warning":true,"include":true,"keep-md":false,"keep-ipynb":false,"ipynb":null,"enabled":null,"daemon":null,"daemon-restart":false,"debug":false,"ipynb-filters":[],"engine":"knitr"},"render":{"keep-tex":false,"keep-source":false,"keep-hidden":false,"prefer-html":false,"output-divs":true,"output-ext":"html","fig-align":"default","fig-pos":null,"fig-env":null,"code-fold":"none","code-overflow":"scroll","code-link":false,"code-line-numbers":false,"code-tools":false,"tbl-colwidths":"auto","merge-includes":true,"inline-includes":false,"preserve-yaml":false,"latex-auto-mk":true,"latex-auto-install":true,"latex-clean":true,"latex-max-runs":10,"latex-makeindex":"makeindex","latex-makeindex-opts":[],"latex-tlmgr-opts":[],"latex-input-paths":[],"latex-output-dir":null,"link-external-icon":false,"link-external-newwindow":false,"self-contained-math":false,"format-resources":[],"notebook-links":true,"format-links":true},"pandoc":{"standalone":true,"wrap":"none","default-image-extension":"png","to":"html","output-file":"Document Finale.html"},"language":{"toc-title-document":"Table of contents","toc-title-website":"On this page","related-formats-title":"Other Formats","related-notebooks-title":"Notebooks","source-notebooks-prefix":"Source","section-title-abstract":"Abstract","section-title-appendices":"Appendices","section-title-footnotes":"Footnotes","section-title-references":"References","section-title-reuse":"Reuse","section-title-copyright":"Copyright","section-title-citation":"Citation","appendix-attribution-cite-as":"For attribution, please cite this work as:","appendix-attribution-bibtex":"BibTeX citation:","title-block-author-single":"Author","title-block-author-plural":"Authors","title-block-affiliation-single":"Affiliation","title-block-affiliation-plural":"Affiliations","title-block-published":"Published","title-block-modified":"Modified","callout-tip-title":"Tip","callout-note-title":"Note","callout-warning-title":"Warning","callout-important-title":"Important","callout-caution-title":"Caution","code-summary":"Code","code-tools-menu-caption":"Code","code-tools-show-all-code":"Show All Code","code-tools-hide-all-code":"Hide All Code","code-tools-view-source":"View Source","code-tools-source-code":"Source Code","code-line":"Line","code-lines":"Lines","copy-button-tooltip":"Copy to Clipboard","copy-button-tooltip-success":"Copied!","repo-action-links-edit":"Edit this page","repo-action-links-source":"View source","repo-action-links-issue":"Report an issue","back-to-top":"Back to top","search-no-results-text":"No results","search-matching-documents-text":"matching documents","search-copy-link-title":"Copy link to search","search-hide-matches-text":"Hide additional matches","search-more-match-text":"more match in this document","search-more-matches-text":"more matches in this document","search-clear-button-title":"Clear","search-detached-cancel-button-title":"Cancel","search-submit-button-title":"Submit","search-label":"Search","toggle-section":"Toggle section","toggle-sidebar":"Toggle sidebar navigation","toggle-dark-mode":"Toggle dark mode","toggle-reader-mode":"Toggle reader mode","toggle-navigation":"Toggle navigation","crossref-fig-title":"Figure","crossref-tbl-title":"Table","crossref-lst-title":"Listing","crossref-thm-title":"Theorem","crossref-lem-title":"Lemma","crossref-cor-title":"Corollary","crossref-prp-title":"Proposition","crossref-cnj-title":"Conjecture","crossref-def-title":"Definition","crossref-exm-title":"Example","crossref-exr-title":"Exercise","crossref-ch-prefix":"Chapter","crossref-apx-prefix":"Appendix","crossref-sec-prefix":"Section","crossref-eq-prefix":"Equation","crossref-lof-title":"List of Figures","crossref-lot-title":"List of Tables","crossref-lol-title":"List of Listings","environment-proof-title":"Proof","environment-remark-title":"Remark","environment-solution-title":"Solution","listing-page-order-by":"Order By","listing-page-order-by-default":"Default","listing-page-order-by-date-asc":"Oldest","listing-page-order-by-date-desc":"Newest","listing-page-order-by-number-desc":"High to Low","listing-page-order-by-number-asc":"Low to High","listing-page-field-date":"Date","listing-page-field-title":"Title","listing-page-field-description":"Description","listing-page-field-author":"Author","listing-page-field-filename":"File Name","listing-page-field-filemodified":"Modified","listing-page-field-subtitle":"Subtitle","listing-page-field-readingtime":"Reading Time","listing-page-field-categories":"Categories","listing-page-minutes-compact":"{0} min","listing-page-category-all":"All","listing-page-no-matches":"No matching items"},"metadata":{"lang":"en","fig-responsive":true,"quarto-version":"1.3.361","bibliography":["references.bib"],"editor":"visual","theme":"cosmo","title":"Quarto"},"extensions":{"book":{"multiFile":true}}},"pdf":{"identifier":{"display-name":"PDF","target-format":"pdf","base-format":"pdf"},"execute":{"fig-width":5.5,"fig-height":3.5,"fig-format":"pdf","fig-dpi":300,"df-print":"default","error":false,"eval":true,"cache":null,"freeze":false,"echo":true,"output":true,"warning":true,"include":true,"keep-md":false,"keep-ipynb":false,"ipynb":null,"enabled":null,"daemon":null,"daemon-restart":false,"debug":false,"ipynb-filters":[],"engine":"knitr"},"render":{"keep-tex":false,"keep-source":false,"keep-hidden":false,"prefer-html":false,"output-divs":true,"output-ext":"pdf","fig-align":"default","fig-pos":null,"fig-env":null,"code-fold":"none","code-overflow":"scroll","code-link":false,"code-line-numbers":false,"code-tools":false,"tbl-colwidths":true,"merge-includes":true,"inline-includes":false,"preserve-yaml":false,"latex-auto-mk":true,"latex-auto-install":true,"latex-clean":true,"latex-max-runs":10,"latex-makeindex":"makeindex","latex-makeindex-opts":[],"latex-tlmgr-opts":[],"latex-input-paths":[],"latex-output-dir":null,"link-external-icon":false,"link-external-newwindow":false,"self-contained-math":false,"format-resources":[]},"pandoc":{"pdf-engine":"xelatex","standalone":true,"variables":{"graphics":true,"tables":true},"default-image-extension":"pdf","to":"pdf","output-file":"Document Finale.pdf"},"language":{"toc-title-document":"Table of contents","toc-title-website":"On this page","related-formats-title":"Other Formats","related-notebooks-title":"Notebooks","source-notebooks-prefix":"Source","section-title-abstract":"Abstract","section-title-appendices":"Appendices","section-title-footnotes":"Footnotes","section-title-references":"References","section-title-reuse":"Reuse","section-title-copyright":"Copyright","section-title-citation":"Citation","appendix-attribution-cite-as":"For attribution, please cite this work as:","appendix-attribution-bibtex":"BibTeX citation:","title-block-author-single":"Author","title-block-author-plural":"Authors","title-block-affiliation-single":"Affiliation","title-block-affiliation-plural":"Affiliations","title-block-published":"Published","title-block-modified":"Modified","callout-tip-title":"Tip","callout-note-title":"Note","callout-warning-title":"Warning","callout-important-title":"Important","callout-caution-title":"Caution","code-summary":"Code","code-tools-menu-caption":"Code","code-tools-show-all-code":"Show All Code","code-tools-hide-all-code":"Hide All Code","code-tools-view-source":"View Source","code-tools-source-code":"Source Code","code-line":"Line","code-lines":"Lines","copy-button-tooltip":"Copy to Clipboard","copy-button-tooltip-success":"Copied!","repo-action-links-edit":"Edit this page","repo-action-links-source":"View source","repo-action-links-issue":"Report an issue","back-to-top":"Back to top","search-no-results-text":"No results","search-matching-documents-text":"matching documents","search-copy-link-title":"Copy link to search","search-hide-matches-text":"Hide additional matches","search-more-match-text":"more match in this document","search-more-matches-text":"more matches in this document","search-clear-button-title":"Clear","search-detached-cancel-button-title":"Cancel","search-submit-button-title":"Submit","search-label":"Search","toggle-section":"Toggle section","toggle-sidebar":"Toggle sidebar navigation","toggle-dark-mode":"Toggle dark mode","toggle-reader-mode":"Toggle reader mode","toggle-navigation":"Toggle navigation","crossref-fig-title":"Figure","crossref-tbl-title":"Table","crossref-lst-title":"Listing","crossref-thm-title":"Theorem","crossref-lem-title":"Lemma","crossref-cor-title":"Corollary","crossref-prp-title":"Proposition","crossref-cnj-title":"Conjecture","crossref-def-title":"Definition","crossref-exm-title":"Example","crossref-exr-title":"Exercise","crossref-ch-prefix":"Chapter","crossref-apx-prefix":"Appendix","crossref-sec-prefix":"Section","crossref-eq-prefix":"Equation","crossref-lof-title":"List of Figures","crossref-lot-title":"List of Tables","crossref-lol-title":"List of Listings","environment-proof-title":"Proof","environment-remark-title":"Remark","environment-solution-title":"Solution","listing-page-order-by":"Order By","listing-page-order-by-default":"Default","listing-page-order-by-date-asc":"Oldest","listing-page-order-by-date-desc":"Newest","listing-page-order-by-number-desc":"High to Low","listing-page-order-by-number-asc":"Low to High","listing-page-field-date":"Date","listing-page-field-title":"Title","listing-page-field-description":"Description","listing-page-field-author":"Author","listing-page-field-filename":"File Name","listing-page-field-filemodified":"Modified","listing-page-field-subtitle":"Subtitle","listing-page-field-readingtime":"Reading Time","listing-page-field-categories":"Categories","listing-page-minutes-compact":"{0} min","listing-page-category-all":"All","listing-page-no-matches":"No matching items"},"metadata":{"block-headings":true,"bibliography":["references.bib"],"editor":"visual","documentclass":"scrreprt","title":"Quarto"},"extensions":{"book":{"selfContainedOutput":true}}}},"projectFormats":["html","pdf"]}