{"title":"R vers Excel","markdown":{"yaml":{"title":"R vers Excel"},"headingText":"Introduction","containsRefs":false,"markdown":"\n\n\nDe nombres fois, nous avons été confronté au problème d'exportation de tableaux réalisés sur R vers Excel. Il fallait copier nous même et ensuite coller et généralement la forme du tableau n'est pas maintenue. Pour pallier ce problème, le package R vers Excel `(R2Excel)` a été développée.\n\n## Présentation du package R2Excel\n\nLe package R2Excel est une bibliothèque R qui permet d'exporter des données et des résultats d'analyses depuis R vers Microsoft Excel. Il fournit des fonctions pratiques pour créer des feuilles de calcul Excel, y écrire des données, formater les cellules, ajouter des graphiques et d'autres éléments visuels.\n\nSon principal objectif est de faciliter le transfert de données et de résultats d'analyses entre R et Excel, en offrant une solution pratique pour les utilisateurs qui souhaitent exploiter les fonctionnalités d'Excel pour présenter, partager ou analyser leurs données.\n\n## Principales fonctions\n\nVoici quelques fonctions utiles et servant à faciliter le passage de R vers Excel\n\n1.  `createWorkbook()` : Cette fonction permet de créer un nouveau classeur Excel. Elle renvoie un objet workbook qui représente le classeur.\n\n2.  `createSheet()` : Cette fonction permet de créer une nouvelle feuille de calcul Excel à l'intérieur d'un classeur. Elle renvoie un objet sheet qui représente la feuille.\n\n3.  `writeData()` : Cette fonction permet d'écrire des données dans une feuille de calcul Excel. Vous pouvez spécifier la plage de cellules où écrire les données et formater les cellules selon vos besoins.\n\n4.  `addChart()` : Cette fonction permet d'ajouter un graphique à une feuille de calcul Excel. Vous pouvez spécifier les données à utiliser, le type de graphique (barres, lignes, etc.) et personnaliser les options de présentation.\n\n5.  `setCellStyle()` : Cette fonction permet de définir le style des cellules dans une feuille de calcul Excel. Vous pouvez spécifier la police, la couleur de fond, les bordures et d'autres attributs de mise en forme.\n\n6.  `saveWorkbook()` : Cette fonction permet de sauvegarder le classeur Excel sur le disque.\n\nCes fonctions, ainsi que d'autres fournies par le package R2Excel, permettent aux utilisateurs de manipuler facilement les données et les résultats d'analyses dans Excel, en utilisant les fonctionnalités avancées d'Excel pour créer des rapports, des tableaux de bord interactifs, des présentations visuelles, etc.\n\n## Conclusion\n\nEn résumé, le package R2Excel facilite l'exportation de données et de résultats d'analyses depuis R vers Excel, en offrant des fonctions pratiques pour créer, écrire et formater des feuilles de calcul Excel, ainsi que pour ajouter des graphiques et d'autres éléments visuels.\n","srcMarkdownNoYaml":"\n\n## Introduction\n\nDe nombres fois, nous avons été confronté au problème d'exportation de tableaux réalisés sur R vers Excel. Il fallait copier nous même et ensuite coller et généralement la forme du tableau n'est pas maintenue. Pour pallier ce problème, le package R vers Excel `(R2Excel)` a été développée.\n\n## Présentation du package R2Excel\n\nLe package R2Excel est une bibliothèque R qui permet d'exporter des données et des résultats d'analyses depuis R vers Microsoft Excel. Il fournit des fonctions pratiques pour créer des feuilles de calcul Excel, y écrire des données, formater les cellules, ajouter des graphiques et d'autres éléments visuels.\n\nSon principal objectif est de faciliter le transfert de données et de résultats d'analyses entre R et Excel, en offrant une solution pratique pour les utilisateurs qui souhaitent exploiter les fonctionnalités d'Excel pour présenter, partager ou analyser leurs données.\n\n## Principales fonctions\n\nVoici quelques fonctions utiles et servant à faciliter le passage de R vers Excel\n\n1.  `createWorkbook()` : Cette fonction permet de créer un nouveau classeur Excel. Elle renvoie un objet workbook qui représente le classeur.\n\n2.  `createSheet()` : Cette fonction permet de créer une nouvelle feuille de calcul Excel à l'intérieur d'un classeur. Elle renvoie un objet sheet qui représente la feuille.\n\n3.  `writeData()` : Cette fonction permet d'écrire des données dans une feuille de calcul Excel. Vous pouvez spécifier la plage de cellules où écrire les données et formater les cellules selon vos besoins.\n\n4.  `addChart()` : Cette fonction permet d'ajouter un graphique à une feuille de calcul Excel. Vous pouvez spécifier les données à utiliser, le type de graphique (barres, lignes, etc.) et personnaliser les options de présentation.\n\n5.  `setCellStyle()` : Cette fonction permet de définir le style des cellules dans une feuille de calcul Excel. Vous pouvez spécifier la police, la couleur de fond, les bordures et d'autres attributs de mise en forme.\n\n6.  `saveWorkbook()` : Cette fonction permet de sauvegarder le classeur Excel sur le disque.\n\nCes fonctions, ainsi que d'autres fournies par le package R2Excel, permettent aux utilisateurs de manipuler facilement les données et les résultats d'analyses dans Excel, en utilisant les fonctionnalités avancées d'Excel pour créer des rapports, des tableaux de bord interactifs, des présentations visuelles, etc.\n\n## Conclusion\n\nEn résumé, le package R2Excel facilite l'exportation de données et de résultats d'analyses depuis R vers Excel, en offrant des fonctions pratiques pour créer, écrire et formater des feuilles de calcul Excel, ainsi que pour ajouter des graphiques et d'autres éléments visuels.\n"},"formats":{"html":{"identifier":{"display-name":"HTML","target-format":"html","base-format":"html"},"execute":{"fig-width":7,"fig-height":5,"fig-format":"retina","fig-dpi":96,"df-print":"default","error":false,"eval":true,"cache":null,"freeze":false,"echo":true,"output":true,"warning":true,"include":true,"keep-md":false,"keep-ipynb":false,"ipynb":null,"enabled":null,"daemon":null,"daemon-restart":false,"debug":false,"ipynb-filters":[],"engine":"markdown"},"render":{"keep-tex":false,"keep-source":false,"keep-hidden":false,"prefer-html":false,"output-divs":true,"output-ext":"html","fig-align":"default","fig-pos":null,"fig-env":null,"code-fold":"none","code-overflow":"scroll","code-link":false,"code-line-numbers":false,"code-tools":false,"tbl-colwidths":"auto","merge-includes":true,"inline-includes":false,"preserve-yaml":false,"latex-auto-mk":true,"latex-auto-install":true,"latex-clean":true,"latex-max-runs":10,"latex-makeindex":"makeindex","latex-makeindex-opts":[],"latex-tlmgr-opts":[],"latex-input-paths":[],"latex-output-dir":null,"link-external-icon":false,"link-external-newwindow":false,"self-contained-math":false,"format-resources":[],"notebook-links":true,"format-links":true},"pandoc":{"standalone":true,"wrap":"none","default-image-extension":"png","to":"html","output-file":"RVE.html"},"language":{"toc-title-document":"Table of contents","toc-title-website":"On this page","related-formats-title":"Other Formats","related-notebooks-title":"Notebooks","source-notebooks-prefix":"Source","section-title-abstract":"Abstract","section-title-appendices":"Appendices","section-title-footnotes":"Footnotes","section-title-references":"References","section-title-reuse":"Reuse","section-title-copyright":"Copyright","section-title-citation":"Citation","appendix-attribution-cite-as":"For attribution, please cite this work as:","appendix-attribution-bibtex":"BibTeX citation:","title-block-author-single":"Author","title-block-author-plural":"Authors","title-block-affiliation-single":"Affiliation","title-block-affiliation-plural":"Affiliations","title-block-published":"Published","title-block-modified":"Modified","callout-tip-title":"Tip","callout-note-title":"Note","callout-warning-title":"Warning","callout-important-title":"Important","callout-caution-title":"Caution","code-summary":"Code","code-tools-menu-caption":"Code","code-tools-show-all-code":"Show All Code","code-tools-hide-all-code":"Hide All Code","code-tools-view-source":"View Source","code-tools-source-code":"Source Code","code-line":"Line","code-lines":"Lines","copy-button-tooltip":"Copy to Clipboard","copy-button-tooltip-success":"Copied!","repo-action-links-edit":"Edit this page","repo-action-links-source":"View source","repo-action-links-issue":"Report an issue","back-to-top":"Back to top","search-no-results-text":"No results","search-matching-documents-text":"matching documents","search-copy-link-title":"Copy link to search","search-hide-matches-text":"Hide additional matches","search-more-match-text":"more match in this document","search-more-matches-text":"more matches in this document","search-clear-button-title":"Clear","search-detached-cancel-button-title":"Cancel","search-submit-button-title":"Submit","search-label":"Search","toggle-section":"Toggle section","toggle-sidebar":"Toggle sidebar navigation","toggle-dark-mode":"Toggle dark mode","toggle-reader-mode":"Toggle reader mode","toggle-navigation":"Toggle navigation","crossref-fig-title":"Figure","crossref-tbl-title":"Table","crossref-lst-title":"Listing","crossref-thm-title":"Theorem","crossref-lem-title":"Lemma","crossref-cor-title":"Corollary","crossref-prp-title":"Proposition","crossref-cnj-title":"Conjecture","crossref-def-title":"Definition","crossref-exm-title":"Example","crossref-exr-title":"Exercise","crossref-ch-prefix":"Chapter","crossref-apx-prefix":"Appendix","crossref-sec-prefix":"Section","crossref-eq-prefix":"Equation","crossref-lof-title":"List of Figures","crossref-lot-title":"List of Tables","crossref-lol-title":"List of Listings","environment-proof-title":"Proof","environment-remark-title":"Remark","environment-solution-title":"Solution","listing-page-order-by":"Order By","listing-page-order-by-default":"Default","listing-page-order-by-date-asc":"Oldest","listing-page-order-by-date-desc":"Newest","listing-page-order-by-number-desc":"High to Low","listing-page-order-by-number-asc":"Low to High","listing-page-field-date":"Date","listing-page-field-title":"Title","listing-page-field-description":"Description","listing-page-field-author":"Author","listing-page-field-filename":"File Name","listing-page-field-filemodified":"Modified","listing-page-field-subtitle":"Subtitle","listing-page-field-readingtime":"Reading Time","listing-page-field-categories":"Categories","listing-page-minutes-compact":"{0} min","listing-page-category-all":"All","listing-page-no-matches":"No matching items"},"metadata":{"lang":"en","fig-responsive":true,"quarto-version":"1.3.361","bibliography":["references.bib"],"editor":"visual","theme":"cosmo","title":"R vers Excel"},"extensions":{"book":{"multiFile":true}}},"pdf":{"identifier":{"display-name":"PDF","target-format":"pdf","base-format":"pdf"},"execute":{"fig-width":5.5,"fig-height":3.5,"fig-format":"pdf","fig-dpi":300,"df-print":"default","error":false,"eval":true,"cache":null,"freeze":false,"echo":true,"output":true,"warning":true,"include":true,"keep-md":false,"keep-ipynb":false,"ipynb":null,"enabled":null,"daemon":null,"daemon-restart":false,"debug":false,"ipynb-filters":[],"engine":"markdown"},"render":{"keep-tex":false,"keep-source":false,"keep-hidden":false,"prefer-html":false,"output-divs":true,"output-ext":"pdf","fig-align":"default","fig-pos":null,"fig-env":null,"code-fold":"none","code-overflow":"scroll","code-link":false,"code-line-numbers":false,"code-tools":false,"tbl-colwidths":true,"merge-includes":true,"inline-includes":false,"preserve-yaml":false,"latex-auto-mk":true,"latex-auto-install":true,"latex-clean":true,"latex-max-runs":10,"latex-makeindex":"makeindex","latex-makeindex-opts":[],"latex-tlmgr-opts":[],"latex-input-paths":[],"latex-output-dir":null,"link-external-icon":false,"link-external-newwindow":false,"self-contained-math":false,"format-resources":[]},"pandoc":{"pdf-engine":"xelatex","standalone":true,"variables":{"graphics":true,"tables":true},"default-image-extension":"pdf","to":"pdf","output-file":"RVE.pdf"},"language":{"toc-title-document":"Table of contents","toc-title-website":"On this page","related-formats-title":"Other Formats","related-notebooks-title":"Notebooks","source-notebooks-prefix":"Source","section-title-abstract":"Abstract","section-title-appendices":"Appendices","section-title-footnotes":"Footnotes","section-title-references":"References","section-title-reuse":"Reuse","section-title-copyright":"Copyright","section-title-citation":"Citation","appendix-attribution-cite-as":"For attribution, please cite this work as:","appendix-attribution-bibtex":"BibTeX citation:","title-block-author-single":"Author","title-block-author-plural":"Authors","title-block-affiliation-single":"Affiliation","title-block-affiliation-plural":"Affiliations","title-block-published":"Published","title-block-modified":"Modified","callout-tip-title":"Tip","callout-note-title":"Note","callout-warning-title":"Warning","callout-important-title":"Important","callout-caution-title":"Caution","code-summary":"Code","code-tools-menu-caption":"Code","code-tools-show-all-code":"Show All Code","code-tools-hide-all-code":"Hide All Code","code-tools-view-source":"View Source","code-tools-source-code":"Source Code","code-line":"Line","code-lines":"Lines","copy-button-tooltip":"Copy to Clipboard","copy-button-tooltip-success":"Copied!","repo-action-links-edit":"Edit this page","repo-action-links-source":"View source","repo-action-links-issue":"Report an issue","back-to-top":"Back to top","search-no-results-text":"No results","search-matching-documents-text":"matching documents","search-copy-link-title":"Copy link to search","search-hide-matches-text":"Hide additional matches","search-more-match-text":"more match in this document","search-more-matches-text":"more matches in this document","search-clear-button-title":"Clear","search-detached-cancel-button-title":"Cancel","search-submit-button-title":"Submit","search-label":"Search","toggle-section":"Toggle section","toggle-sidebar":"Toggle sidebar navigation","toggle-dark-mode":"Toggle dark mode","toggle-reader-mode":"Toggle reader mode","toggle-navigation":"Toggle navigation","crossref-fig-title":"Figure","crossref-tbl-title":"Table","crossref-lst-title":"Listing","crossref-thm-title":"Theorem","crossref-lem-title":"Lemma","crossref-cor-title":"Corollary","crossref-prp-title":"Proposition","crossref-cnj-title":"Conjecture","crossref-def-title":"Definition","crossref-exm-title":"Example","crossref-exr-title":"Exercise","crossref-ch-prefix":"Chapter","crossref-apx-prefix":"Appendix","crossref-sec-prefix":"Section","crossref-eq-prefix":"Equation","crossref-lof-title":"List of Figures","crossref-lot-title":"List of Tables","crossref-lol-title":"List of Listings","environment-proof-title":"Proof","environment-remark-title":"Remark","environment-solution-title":"Solution","listing-page-order-by":"Order By","listing-page-order-by-default":"Default","listing-page-order-by-date-asc":"Oldest","listing-page-order-by-date-desc":"Newest","listing-page-order-by-number-desc":"High to Low","listing-page-order-by-number-asc":"Low to High","listing-page-field-date":"Date","listing-page-field-title":"Title","listing-page-field-description":"Description","listing-page-field-author":"Author","listing-page-field-filename":"File Name","listing-page-field-filemodified":"Modified","listing-page-field-subtitle":"Subtitle","listing-page-field-readingtime":"Reading Time","listing-page-field-categories":"Categories","listing-page-minutes-compact":"{0} min","listing-page-category-all":"All","listing-page-no-matches":"No matching items"},"metadata":{"block-headings":true,"bibliography":["references.bib"],"editor":"visual","documentclass":"scrreprt","title":"R vers Excel"},"extensions":{"book":{"selfContainedOutput":true}}}},"projectFormats":["html","pdf"]}