{"title":"Système d'équation sur R","markdown":{"yaml":{"title":"Système d'équation sur R"},"headingText":"Présentation des packages et fonctions","containsRefs":false,"markdown":"\n\nDans la vie, la plupart des systèmes équations auquels nous faisons sont non linéaires. Dans le cas linéairee, les méthodes du pivot de Gauss et autres ont été développées et sont très efficaces. Ici, dans ce chapitre, nous allons aborder les méthodes dans le cas non lineaires.\n\n\n### Package rootSolve\n\nLe package \\\"rootSolve\\\" est une bibliothèque de fonctions disponible dans le logiciel R qui fournit des outils\npour la résolution numérique de systèmes d\\'équations non linéaires.\n\n### Fonction multiroot()\n\nCette fonction est utilisée pour résoudre des systèmes d\\'équations non linéaires multivariées. Elle prend en\nentrée un vecteur de fonctions d\\'équation multivariée, ainsi qu\\'un vecteur initial de valeurs approchées pour\nles variables, et retourne une approximation des valeurs des variables qui satisfont le système d\\'équations.\nl\\'algorithme a été implémenté avec la méthode de Newton-Raphson.\n\n## Le package nleqslv\n\nLe package \\\"nleqslv\\\" est une bibliothèque de fonctions disponible dans le logiciel R qui permet de résoudre\ndes systèmes d\\'équations non linéaires multivariées. Il offre des fonctionnalités avancées pour trouver les\nsolutions numériques de ces systèmes en utilisant des méthodes itératives basées sur la méthode de Newton\net de broyden(méthode par défaut).\n\n### Fonction nleqslv()\n\nCette fonction est le cœur du package. Elle permet de résoudre numériquement des systèmes d\\'équations\nnon linéaires multivariées en utilisant les méthode de Newton et de Broyden . Elle prend en entrée une\nfonction d\\'équation multivariée, un vecteur initial de valeurs approchées pour les variables, et retourne une\napproximation des valeurs des variables qui satisfont le système d\\'équations.\n\n## Le package pracma\n\nLe package \\\"pracma\\\" aussi propose des méthodes numériques pour résoudre des équations non linéaires. Par\nexemple, les fonctions fsolve() et broyden() en utilisant la méthode de Newton ou la méthode de Broyden,\nrespectivement.\n\n## Les méthodes indirectes\n\nOn peut aussi résoudre un système d\\'équations non linéaires à l\\'aide d\\'un problème d\\'optimisation . Cela\npeut se faire on Transforme le système d\\'équations en un problème d\\'optimisation en définissant une fonction\nobjectif à minimiser ou à maximiser. Cette fonction objectif est généralement construite en utilisant une\nmesure de l\\'écart entre les valeurs réelles des équations et les valeurs calculées à partir des variables inconnues.\nOn Choisit ensuite une méthode d\\'optimisation : Il existe plusieurs méthodes d\\'optimisation disponibles\npour résoudre le problème. Certaines des méthodes couramment utilisées incluent **la méthode de Newton**, **la**\n**méthode du gradient, la méthode de recherche linéaire, la méthode de Gauss-Newton, etc**.\nSous R, propose pour cela les fonctions comme `optim ()` dans le package stats , `optimx()` dans le package\n`optimx.`\n","srcMarkdownNoYaml":"\n\nDans la vie, la plupart des systèmes équations auquels nous faisons sont non linéaires. Dans le cas linéairee, les méthodes du pivot de Gauss et autres ont été développées et sont très efficaces. Ici, dans ce chapitre, nous allons aborder les méthodes dans le cas non lineaires.\n\n## Présentation des packages et fonctions\n\n### Package rootSolve\n\nLe package \\\"rootSolve\\\" est une bibliothèque de fonctions disponible dans le logiciel R qui fournit des outils\npour la résolution numérique de systèmes d\\'équations non linéaires.\n\n### Fonction multiroot()\n\nCette fonction est utilisée pour résoudre des systèmes d\\'équations non linéaires multivariées. Elle prend en\nentrée un vecteur de fonctions d\\'équation multivariée, ainsi qu\\'un vecteur initial de valeurs approchées pour\nles variables, et retourne une approximation des valeurs des variables qui satisfont le système d\\'équations.\nl\\'algorithme a été implémenté avec la méthode de Newton-Raphson.\n\n## Le package nleqslv\n\nLe package \\\"nleqslv\\\" est une bibliothèque de fonctions disponible dans le logiciel R qui permet de résoudre\ndes systèmes d\\'équations non linéaires multivariées. Il offre des fonctionnalités avancées pour trouver les\nsolutions numériques de ces systèmes en utilisant des méthodes itératives basées sur la méthode de Newton\net de broyden(méthode par défaut).\n\n### Fonction nleqslv()\n\nCette fonction est le cœur du package. Elle permet de résoudre numériquement des systèmes d\\'équations\nnon linéaires multivariées en utilisant les méthode de Newton et de Broyden . Elle prend en entrée une\nfonction d\\'équation multivariée, un vecteur initial de valeurs approchées pour les variables, et retourne une\napproximation des valeurs des variables qui satisfont le système d\\'équations.\n\n## Le package pracma\n\nLe package \\\"pracma\\\" aussi propose des méthodes numériques pour résoudre des équations non linéaires. Par\nexemple, les fonctions fsolve() et broyden() en utilisant la méthode de Newton ou la méthode de Broyden,\nrespectivement.\n\n## Les méthodes indirectes\n\nOn peut aussi résoudre un système d\\'équations non linéaires à l\\'aide d\\'un problème d\\'optimisation . Cela\npeut se faire on Transforme le système d\\'équations en un problème d\\'optimisation en définissant une fonction\nobjectif à minimiser ou à maximiser. Cette fonction objectif est généralement construite en utilisant une\nmesure de l\\'écart entre les valeurs réelles des équations et les valeurs calculées à partir des variables inconnues.\nOn Choisit ensuite une méthode d\\'optimisation : Il existe plusieurs méthodes d\\'optimisation disponibles\npour résoudre le problème. Certaines des méthodes couramment utilisées incluent **la méthode de Newton**, **la**\n**méthode du gradient, la méthode de recherche linéaire, la méthode de Gauss-Newton, etc**.\nSous R, propose pour cela les fonctions comme `optim ()` dans le package stats , `optimx()` dans le package\n`optimx.`\n"},"formats":{"html":{"identifier":{"display-name":"HTML","target-format":"html","base-format":"html"},"execute":{"fig-width":7,"fig-height":5,"fig-format":"retina","fig-dpi":96,"df-print":"default","error":false,"eval":true,"cache":null,"freeze":false,"echo":true,"output":true,"warning":true,"include":true,"keep-md":false,"keep-ipynb":false,"ipynb":null,"enabled":null,"daemon":null,"daemon-restart":false,"debug":false,"ipynb-filters":[],"engine":"markdown"},"render":{"keep-tex":false,"keep-source":false,"keep-hidden":false,"prefer-html":false,"output-divs":true,"output-ext":"html","fig-align":"default","fig-pos":null,"fig-env":null,"code-fold":"none","code-overflow":"scroll","code-link":false,"code-line-numbers":false,"code-tools":false,"tbl-colwidths":"auto","merge-includes":true,"inline-includes":false,"preserve-yaml":false,"latex-auto-mk":true,"latex-auto-install":true,"latex-clean":true,"latex-max-runs":10,"latex-makeindex":"makeindex","latex-makeindex-opts":[],"latex-tlmgr-opts":[],"latex-input-paths":[],"latex-output-dir":null,"link-external-icon":false,"link-external-newwindow":false,"self-contained-math":false,"format-resources":[],"notebook-links":true,"format-links":true},"pandoc":{"standalone":true,"wrap":"none","default-image-extension":"png","to":"html","output-file":"SE.html"},"language":{"toc-title-document":"Table of contents","toc-title-website":"On this page","related-formats-title":"Other Formats","related-notebooks-title":"Notebooks","source-notebooks-prefix":"Source","section-title-abstract":"Abstract","section-title-appendices":"Appendices","section-title-footnotes":"Footnotes","section-title-references":"References","section-title-reuse":"Reuse","section-title-copyright":"Copyright","section-title-citation":"Citation","appendix-attribution-cite-as":"For attribution, please cite this work as:","appendix-attribution-bibtex":"BibTeX citation:","title-block-author-single":"Author","title-block-author-plural":"Authors","title-block-affiliation-single":"Affiliation","title-block-affiliation-plural":"Affiliations","title-block-published":"Published","title-block-modified":"Modified","callout-tip-title":"Tip","callout-note-title":"Note","callout-warning-title":"Warning","callout-important-title":"Important","callout-caution-title":"Caution","code-summary":"Code","code-tools-menu-caption":"Code","code-tools-show-all-code":"Show All Code","code-tools-hide-all-code":"Hide All Code","code-tools-view-source":"View Source","code-tools-source-code":"Source Code","code-line":"Line","code-lines":"Lines","copy-button-tooltip":"Copy to Clipboard","copy-button-tooltip-success":"Copied!","repo-action-links-edit":"Edit this page","repo-action-links-source":"View source","repo-action-links-issue":"Report an issue","back-to-top":"Back to top","search-no-results-text":"No results","search-matching-documents-text":"matching documents","search-copy-link-title":"Copy link to search","search-hide-matches-text":"Hide additional matches","search-more-match-text":"more match in this document","search-more-matches-text":"more matches in this document","search-clear-button-title":"Clear","search-detached-cancel-button-title":"Cancel","search-submit-button-title":"Submit","search-label":"Search","toggle-section":"Toggle section","toggle-sidebar":"Toggle sidebar navigation","toggle-dark-mode":"Toggle dark mode","toggle-reader-mode":"Toggle reader mode","toggle-navigation":"Toggle navigation","crossref-fig-title":"Figure","crossref-tbl-title":"Table","crossref-lst-title":"Listing","crossref-thm-title":"Theorem","crossref-lem-title":"Lemma","crossref-cor-title":"Corollary","crossref-prp-title":"Proposition","crossref-cnj-title":"Conjecture","crossref-def-title":"Definition","crossref-exm-title":"Example","crossref-exr-title":"Exercise","crossref-ch-prefix":"Chapter","crossref-apx-prefix":"Appendix","crossref-sec-prefix":"Section","crossref-eq-prefix":"Equation","crossref-lof-title":"List of Figures","crossref-lot-title":"List of Tables","crossref-lol-title":"List of Listings","environment-proof-title":"Proof","environment-remark-title":"Remark","environment-solution-title":"Solution","listing-page-order-by":"Order By","listing-page-order-by-default":"Default","listing-page-order-by-date-asc":"Oldest","listing-page-order-by-date-desc":"Newest","listing-page-order-by-number-desc":"High to Low","listing-page-order-by-number-asc":"Low to High","listing-page-field-date":"Date","listing-page-field-title":"Title","listing-page-field-description":"Description","listing-page-field-author":"Author","listing-page-field-filename":"File Name","listing-page-field-filemodified":"Modified","listing-page-field-subtitle":"Subtitle","listing-page-field-readingtime":"Reading Time","listing-page-field-categories":"Categories","listing-page-minutes-compact":"{0} min","listing-page-category-all":"All","listing-page-no-matches":"No matching items"},"metadata":{"lang":"en","fig-responsive":true,"quarto-version":"1.3.361","bibliography":["references.bib"],"editor":"visual","theme":"cosmo","title":"Système d'équation sur R"},"extensions":{"book":{"multiFile":true}}},"pdf":{"identifier":{"display-name":"PDF","target-format":"pdf","base-format":"pdf"},"execute":{"fig-width":5.5,"fig-height":3.5,"fig-format":"pdf","fig-dpi":300,"df-print":"default","error":false,"eval":true,"cache":null,"freeze":false,"echo":true,"output":true,"warning":true,"include":true,"keep-md":false,"keep-ipynb":false,"ipynb":null,"enabled":null,"daemon":null,"daemon-restart":false,"debug":false,"ipynb-filters":[],"engine":"markdown"},"render":{"keep-tex":false,"keep-source":false,"keep-hidden":false,"prefer-html":false,"output-divs":true,"output-ext":"pdf","fig-align":"default","fig-pos":null,"fig-env":null,"code-fold":"none","code-overflow":"scroll","code-link":false,"code-line-numbers":false,"code-tools":false,"tbl-colwidths":true,"merge-includes":true,"inline-includes":false,"preserve-yaml":false,"latex-auto-mk":true,"latex-auto-install":true,"latex-clean":true,"latex-max-runs":10,"latex-makeindex":"makeindex","latex-makeindex-opts":[],"latex-tlmgr-opts":[],"latex-input-paths":[],"latex-output-dir":null,"link-external-icon":false,"link-external-newwindow":false,"self-contained-math":false,"format-resources":[]},"pandoc":{"pdf-engine":"xelatex","standalone":true,"variables":{"graphics":true,"tables":true},"default-image-extension":"pdf","to":"pdf","output-file":"SE.pdf"},"language":{"toc-title-document":"Table of contents","toc-title-website":"On this page","related-formats-title":"Other Formats","related-notebooks-title":"Notebooks","source-notebooks-prefix":"Source","section-title-abstract":"Abstract","section-title-appendices":"Appendices","section-title-footnotes":"Footnotes","section-title-references":"References","section-title-reuse":"Reuse","section-title-copyright":"Copyright","section-title-citation":"Citation","appendix-attribution-cite-as":"For attribution, please cite this work as:","appendix-attribution-bibtex":"BibTeX citation:","title-block-author-single":"Author","title-block-author-plural":"Authors","title-block-affiliation-single":"Affiliation","title-block-affiliation-plural":"Affiliations","title-block-published":"Published","title-block-modified":"Modified","callout-tip-title":"Tip","callout-note-title":"Note","callout-warning-title":"Warning","callout-important-title":"Important","callout-caution-title":"Caution","code-summary":"Code","code-tools-menu-caption":"Code","code-tools-show-all-code":"Show All Code","code-tools-hide-all-code":"Hide All Code","code-tools-view-source":"View Source","code-tools-source-code":"Source Code","code-line":"Line","code-lines":"Lines","copy-button-tooltip":"Copy to Clipboard","copy-button-tooltip-success":"Copied!","repo-action-links-edit":"Edit this page","repo-action-links-source":"View source","repo-action-links-issue":"Report an issue","back-to-top":"Back to top","search-no-results-text":"No results","search-matching-documents-text":"matching documents","search-copy-link-title":"Copy link to search","search-hide-matches-text":"Hide additional matches","search-more-match-text":"more match in this document","search-more-matches-text":"more matches in this document","search-clear-button-title":"Clear","search-detached-cancel-button-title":"Cancel","search-submit-button-title":"Submit","search-label":"Search","toggle-section":"Toggle section","toggle-sidebar":"Toggle sidebar navigation","toggle-dark-mode":"Toggle dark mode","toggle-reader-mode":"Toggle reader mode","toggle-navigation":"Toggle navigation","crossref-fig-title":"Figure","crossref-tbl-title":"Table","crossref-lst-title":"Listing","crossref-thm-title":"Theorem","crossref-lem-title":"Lemma","crossref-cor-title":"Corollary","crossref-prp-title":"Proposition","crossref-cnj-title":"Conjecture","crossref-def-title":"Definition","crossref-exm-title":"Example","crossref-exr-title":"Exercise","crossref-ch-prefix":"Chapter","crossref-apx-prefix":"Appendix","crossref-sec-prefix":"Section","crossref-eq-prefix":"Equation","crossref-lof-title":"List of Figures","crossref-lot-title":"List of Tables","crossref-lol-title":"List of Listings","environment-proof-title":"Proof","environment-remark-title":"Remark","environment-solution-title":"Solution","listing-page-order-by":"Order By","listing-page-order-by-default":"Default","listing-page-order-by-date-asc":"Oldest","listing-page-order-by-date-desc":"Newest","listing-page-order-by-number-desc":"High to Low","listing-page-order-by-number-asc":"Low to High","listing-page-field-date":"Date","listing-page-field-title":"Title","listing-page-field-description":"Description","listing-page-field-author":"Author","listing-page-field-filename":"File Name","listing-page-field-filemodified":"Modified","listing-page-field-subtitle":"Subtitle","listing-page-field-readingtime":"Reading Time","listing-page-field-categories":"Categories","listing-page-minutes-compact":"{0} min","listing-page-category-all":"All","listing-page-no-matches":"No matching items"},"metadata":{"block-headings":true,"bibliography":["references.bib"],"editor":"visual","documentclass":"scrreprt","title":"Système d'équation sur R"},"extensions":{"book":{"selfContainedOutput":true}}}},"projectFormats":["html","pdf"]}