{"title":"Text Mining sur R","markdown":{"yaml":{"title":"Text Mining sur R"},"headingText":"Introduction","containsRefs":false,"markdown":"\n\n\nEtant statisticien, nous connaissons l'importance des enquêtes. Généralement dans les enquêtes, nous avons des questions ouvertes et des questions fermées. Le traitement des questions fermées est chose aisée, nous avons plusieurs méthodes. Par contre avec les questions ouvertes, cela devient un peu délicat. Toutes les techniques de statistiques univariées et bivariées ne servent pas. C'est là qu'intervient le text mining, qui nous permet d'analyser des données textuelles. Sur R, il nécessite quelques packages essentiels à savoir **tidytext, dplyr** et **tm.**\n\n## Les étapes du text mining\n\nLe text mining suit quelques étapes à respecter:\n\n-   **Prétraitement du texte**: en vue de rendre nos données exploitables, il est important de les traiter d'abord. Cela passe par la tokenisation (découper chaque texte en mots) ou encore d'autres méthodes allant à la suppression des mots inutiles pour notre analyse.\n\n-   **Le cloud**: le nuage de mots, il permet de voir les mots les plus utilisés et les groupes de mots les plus utilisés suivant que l'on a formé des ngrammes (combinaisons de n mots).\n\n-   **Le réseau de mots**: permet de voir parmi les mots les plus utilisés, les combinaisons les plus utilisés.\n\n-   **Creation d'une variable**: le but du text mining est en quelque sorte cela. L'objectif est d'arriver à créer une variable à partir des mots ou combinaisons de mots les plus utilisés, qui prend 1 si l'individu a utilisé cela et 0 sinon.\n\n## Quelques fonctions à connaitre\n\nCertaines fonctions sont à connaître pour faire du text mining.\n\n-   **`tm_map()`**: Cette fonction permet d'appliquer une transformation à chaque document d'un corpus textuel. Dans vos exemples, différentes transformations sont appliquées à **`txte1`**.\n\n-   **`removePunctuation()`**: Cette fonction permet de supprimer la ponctuation des documents textuels.\n\n-   **`removeNumbers()`**: Cette fonction permet de supprimer les chiffres des documents textuels.\n\n-   **`removeWords()`**: Cette fonction permet de supprimer des mots spécifiques des documents textuels. Dans votre exemple, les mots vides (stopwords) en anglais sont supprimés à l'aide de la fonction **`stopwords(\"english\")`**.\n\n-   **`stripWhitespace()`**: Cette fonction permet de supprimer les espaces supplémentaires dans les documents textuels.\n\n-   **`tm_reduce()`**: Cette fonction permet de réduire le corpus en supprimant les termes rares ou très fréquents.\n","srcMarkdownNoYaml":"\n\n## Introduction\n\nEtant statisticien, nous connaissons l'importance des enquêtes. Généralement dans les enquêtes, nous avons des questions ouvertes et des questions fermées. Le traitement des questions fermées est chose aisée, nous avons plusieurs méthodes. Par contre avec les questions ouvertes, cela devient un peu délicat. Toutes les techniques de statistiques univariées et bivariées ne servent pas. C'est là qu'intervient le text mining, qui nous permet d'analyser des données textuelles. Sur R, il nécessite quelques packages essentiels à savoir **tidytext, dplyr** et **tm.**\n\n## Les étapes du text mining\n\nLe text mining suit quelques étapes à respecter:\n\n-   **Prétraitement du texte**: en vue de rendre nos données exploitables, il est important de les traiter d'abord. Cela passe par la tokenisation (découper chaque texte en mots) ou encore d'autres méthodes allant à la suppression des mots inutiles pour notre analyse.\n\n-   **Le cloud**: le nuage de mots, il permet de voir les mots les plus utilisés et les groupes de mots les plus utilisés suivant que l'on a formé des ngrammes (combinaisons de n mots).\n\n-   **Le réseau de mots**: permet de voir parmi les mots les plus utilisés, les combinaisons les plus utilisés.\n\n-   **Creation d'une variable**: le but du text mining est en quelque sorte cela. L'objectif est d'arriver à créer une variable à partir des mots ou combinaisons de mots les plus utilisés, qui prend 1 si l'individu a utilisé cela et 0 sinon.\n\n## Quelques fonctions à connaitre\n\nCertaines fonctions sont à connaître pour faire du text mining.\n\n-   **`tm_map()`**: Cette fonction permet d'appliquer une transformation à chaque document d'un corpus textuel. Dans vos exemples, différentes transformations sont appliquées à **`txte1`**.\n\n-   **`removePunctuation()`**: Cette fonction permet de supprimer la ponctuation des documents textuels.\n\n-   **`removeNumbers()`**: Cette fonction permet de supprimer les chiffres des documents textuels.\n\n-   **`removeWords()`**: Cette fonction permet de supprimer des mots spécifiques des documents textuels. Dans votre exemple, les mots vides (stopwords) en anglais sont supprimés à l'aide de la fonction **`stopwords(\"english\")`**.\n\n-   **`stripWhitespace()`**: Cette fonction permet de supprimer les espaces supplémentaires dans les documents textuels.\n\n-   **`tm_reduce()`**: Cette fonction permet de réduire le corpus en supprimant les termes rares ou très fréquents.\n"},"formats":{"html":{"identifier":{"display-name":"HTML","target-format":"html","base-format":"html"},"execute":{"fig-width":7,"fig-height":5,"fig-format":"retina","fig-dpi":96,"df-print":"default","error":false,"eval":true,"cache":null,"freeze":false,"echo":true,"output":true,"warning":true,"include":true,"keep-md":false,"keep-ipynb":false,"ipynb":null,"enabled":null,"daemon":null,"daemon-restart":false,"debug":false,"ipynb-filters":[],"engine":"markdown"},"render":{"keep-tex":false,"keep-source":false,"keep-hidden":false,"prefer-html":false,"output-divs":true,"output-ext":"html","fig-align":"default","fig-pos":null,"fig-env":null,"code-fold":"none","code-overflow":"scroll","code-link":false,"code-line-numbers":false,"code-tools":false,"tbl-colwidths":"auto","merge-includes":true,"inline-includes":false,"preserve-yaml":false,"latex-auto-mk":true,"latex-auto-install":true,"latex-clean":true,"latex-max-runs":10,"latex-makeindex":"makeindex","latex-makeindex-opts":[],"latex-tlmgr-opts":[],"latex-input-paths":[],"latex-output-dir":null,"link-external-icon":false,"link-external-newwindow":false,"self-contained-math":false,"format-resources":[],"notebook-links":true,"format-links":true},"pandoc":{"standalone":true,"wrap":"none","default-image-extension":"png","to":"html","output-file":"tm.html"},"language":{"toc-title-document":"Table of contents","toc-title-website":"On this page","related-formats-title":"Other Formats","related-notebooks-title":"Notebooks","source-notebooks-prefix":"Source","section-title-abstract":"Abstract","section-title-appendices":"Appendices","section-title-footnotes":"Footnotes","section-title-references":"References","section-title-reuse":"Reuse","section-title-copyright":"Copyright","section-title-citation":"Citation","appendix-attribution-cite-as":"For attribution, please cite this work as:","appendix-attribution-bibtex":"BibTeX citation:","title-block-author-single":"Author","title-block-author-plural":"Authors","title-block-affiliation-single":"Affiliation","title-block-affiliation-plural":"Affiliations","title-block-published":"Published","title-block-modified":"Modified","callout-tip-title":"Tip","callout-note-title":"Note","callout-warning-title":"Warning","callout-important-title":"Important","callout-caution-title":"Caution","code-summary":"Code","code-tools-menu-caption":"Code","code-tools-show-all-code":"Show All Code","code-tools-hide-all-code":"Hide All Code","code-tools-view-source":"View Source","code-tools-source-code":"Source Code","code-line":"Line","code-lines":"Lines","copy-button-tooltip":"Copy to Clipboard","copy-button-tooltip-success":"Copied!","repo-action-links-edit":"Edit this page","repo-action-links-source":"View source","repo-action-links-issue":"Report an issue","back-to-top":"Back to top","search-no-results-text":"No results","search-matching-documents-text":"matching documents","search-copy-link-title":"Copy link to search","search-hide-matches-text":"Hide additional matches","search-more-match-text":"more match in this document","search-more-matches-text":"more matches in this document","search-clear-button-title":"Clear","search-detached-cancel-button-title":"Cancel","search-submit-button-title":"Submit","search-label":"Search","toggle-section":"Toggle section","toggle-sidebar":"Toggle sidebar navigation","toggle-dark-mode":"Toggle dark mode","toggle-reader-mode":"Toggle reader mode","toggle-navigation":"Toggle navigation","crossref-fig-title":"Figure","crossref-tbl-title":"Table","crossref-lst-title":"Listing","crossref-thm-title":"Theorem","crossref-lem-title":"Lemma","crossref-cor-title":"Corollary","crossref-prp-title":"Proposition","crossref-cnj-title":"Conjecture","crossref-def-title":"Definition","crossref-exm-title":"Example","crossref-exr-title":"Exercise","crossref-ch-prefix":"Chapter","crossref-apx-prefix":"Appendix","crossref-sec-prefix":"Section","crossref-eq-prefix":"Equation","crossref-lof-title":"List of Figures","crossref-lot-title":"List of Tables","crossref-lol-title":"List of Listings","environment-proof-title":"Proof","environment-remark-title":"Remark","environment-solution-title":"Solution","listing-page-order-by":"Order By","listing-page-order-by-default":"Default","listing-page-order-by-date-asc":"Oldest","listing-page-order-by-date-desc":"Newest","listing-page-order-by-number-desc":"High to Low","listing-page-order-by-number-asc":"Low to High","listing-page-field-date":"Date","listing-page-field-title":"Title","listing-page-field-description":"Description","listing-page-field-author":"Author","listing-page-field-filename":"File Name","listing-page-field-filemodified":"Modified","listing-page-field-subtitle":"Subtitle","listing-page-field-readingtime":"Reading Time","listing-page-field-categories":"Categories","listing-page-minutes-compact":"{0} min","listing-page-category-all":"All","listing-page-no-matches":"No matching items"},"metadata":{"lang":"en","fig-responsive":true,"quarto-version":"1.3.361","bibliography":["references.bib"],"editor":"visual","theme":"cosmo","title":"Text Mining sur R"},"extensions":{"book":{"multiFile":true}}},"pdf":{"identifier":{"display-name":"PDF","target-format":"pdf","base-format":"pdf"},"execute":{"fig-width":5.5,"fig-height":3.5,"fig-format":"pdf","fig-dpi":300,"df-print":"default","error":false,"eval":true,"cache":null,"freeze":false,"echo":true,"output":true,"warning":true,"include":true,"keep-md":false,"keep-ipynb":false,"ipynb":null,"enabled":null,"daemon":null,"daemon-restart":false,"debug":false,"ipynb-filters":[],"engine":"markdown"},"render":{"keep-tex":false,"keep-source":false,"keep-hidden":false,"prefer-html":false,"output-divs":true,"output-ext":"pdf","fig-align":"default","fig-pos":null,"fig-env":null,"code-fold":"none","code-overflow":"scroll","code-link":false,"code-line-numbers":false,"code-tools":false,"tbl-colwidths":true,"merge-includes":true,"inline-includes":false,"preserve-yaml":false,"latex-auto-mk":true,"latex-auto-install":true,"latex-clean":true,"latex-max-runs":10,"latex-makeindex":"makeindex","latex-makeindex-opts":[],"latex-tlmgr-opts":[],"latex-input-paths":[],"latex-output-dir":null,"link-external-icon":false,"link-external-newwindow":false,"self-contained-math":false,"format-resources":[]},"pandoc":{"pdf-engine":"xelatex","standalone":true,"variables":{"graphics":true,"tables":true},"default-image-extension":"pdf","to":"pdf","output-file":"tm.pdf"},"language":{"toc-title-document":"Table of contents","toc-title-website":"On this page","related-formats-title":"Other Formats","related-notebooks-title":"Notebooks","source-notebooks-prefix":"Source","section-title-abstract":"Abstract","section-title-appendices":"Appendices","section-title-footnotes":"Footnotes","section-title-references":"References","section-title-reuse":"Reuse","section-title-copyright":"Copyright","section-title-citation":"Citation","appendix-attribution-cite-as":"For attribution, please cite this work as:","appendix-attribution-bibtex":"BibTeX citation:","title-block-author-single":"Author","title-block-author-plural":"Authors","title-block-affiliation-single":"Affiliation","title-block-affiliation-plural":"Affiliations","title-block-published":"Published","title-block-modified":"Modified","callout-tip-title":"Tip","callout-note-title":"Note","callout-warning-title":"Warning","callout-important-title":"Important","callout-caution-title":"Caution","code-summary":"Code","code-tools-menu-caption":"Code","code-tools-show-all-code":"Show All Code","code-tools-hide-all-code":"Hide All Code","code-tools-view-source":"View Source","code-tools-source-code":"Source Code","code-line":"Line","code-lines":"Lines","copy-button-tooltip":"Copy to Clipboard","copy-button-tooltip-success":"Copied!","repo-action-links-edit":"Edit this page","repo-action-links-source":"View source","repo-action-links-issue":"Report an issue","back-to-top":"Back to top","search-no-results-text":"No results","search-matching-documents-text":"matching documents","search-copy-link-title":"Copy link to search","search-hide-matches-text":"Hide additional matches","search-more-match-text":"more match in this document","search-more-matches-text":"more matches in this document","search-clear-button-title":"Clear","search-detached-cancel-button-title":"Cancel","search-submit-button-title":"Submit","search-label":"Search","toggle-section":"Toggle section","toggle-sidebar":"Toggle sidebar navigation","toggle-dark-mode":"Toggle dark mode","toggle-reader-mode":"Toggle reader mode","toggle-navigation":"Toggle navigation","crossref-fig-title":"Figure","crossref-tbl-title":"Table","crossref-lst-title":"Listing","crossref-thm-title":"Theorem","crossref-lem-title":"Lemma","crossref-cor-title":"Corollary","crossref-prp-title":"Proposition","crossref-cnj-title":"Conjecture","crossref-def-title":"Definition","crossref-exm-title":"Example","crossref-exr-title":"Exercise","crossref-ch-prefix":"Chapter","crossref-apx-prefix":"Appendix","crossref-sec-prefix":"Section","crossref-eq-prefix":"Equation","crossref-lof-title":"List of Figures","crossref-lot-title":"List of Tables","crossref-lol-title":"List of Listings","environment-proof-title":"Proof","environment-remark-title":"Remark","environment-solution-title":"Solution","listing-page-order-by":"Order By","listing-page-order-by-default":"Default","listing-page-order-by-date-asc":"Oldest","listing-page-order-by-date-desc":"Newest","listing-page-order-by-number-desc":"High to Low","listing-page-order-by-number-asc":"Low to High","listing-page-field-date":"Date","listing-page-field-title":"Title","listing-page-field-description":"Description","listing-page-field-author":"Author","listing-page-field-filename":"File Name","listing-page-field-filemodified":"Modified","listing-page-field-subtitle":"Subtitle","listing-page-field-readingtime":"Reading Time","listing-page-field-categories":"Categories","listing-page-minutes-compact":"{0} min","listing-page-category-all":"All","listing-page-no-matches":"No matching items"},"metadata":{"block-headings":true,"bibliography":["references.bib"],"editor":"visual","documentclass":"scrreprt","title":"Text Mining sur R"},"extensions":{"book":{"selfContainedOutput":true}}}},"projectFormats":["html","pdf"]}