{
  "hash": "f5eea9ca1e1e35c7e3e6fa3921ee3846",
  "result": {
    "markdown": "---\ntitle: \"Rshiny\"\n---\n\n\n## Introduction\n\nNous sommes souvent amenés à faire des statistiques sur des variables d'une base donnée et le plus souvent nous écrivons des codes pour chaque action que nous voulons faire sur notre base de données en l'occurence, le tri à plat d'une variable, croisement des variables ou encore des modèles suivant des variables. Cette tache est vraiment répétitive si nous avons plusieurs variables dont on veut réaliser les memes actions. Ou encore, il se peut qu'on veuille suivre juste la distribution d'une variable par rapport à une autre mais qu'on on souhaite pas faire apparaittre dans notre rapport ou document finale. Pour rémédier à cela, R Shiny nous offre la possibilité de créer une application web interactive qui facilite les analyses de sorte qu'on a nos variables et nos différents modèles déjà programmés et on aura qu'à choisir les variables nous même au lieu d'écrire le code à chaque fois.\n\n## Présentation de Shiny\n\nShiny est un package R développé par RStudio qui permet de créer des applications web interactives. Avec Shiny, vous pouvez construire des interfaces utilisateur dynamiques sans avoir besoin de connaissances approfondies en HTML, CSS ou JavaScript. Shiny suit un modèle ui-serveur, où le serveur exécute le code R pour générer les sorties dynamiques, tandis que l'interface utilisateur (navigateur web) affiche l'interface et permet aux utilisateurs d'interagir avec l'application. Shiny facilite la création d'applications web pour l'analyse de données, l'affichage de graphiques, l'exécution de modèles statistiques, etc., le tout directement depuis R.\n\n## Les différentes parties d'une application Shiny\n\nUne apllication Shiny comporte essentiellement deux parties :\n\n-   `L' ui` (interface utilisateur) : cette partie comprend tout ce qu'on voit sur l'application. C'est elle qui gère le visuel et ce qui nous captive sur l'application. Si l'on devait assimiler une application Shiny à l'homme cette partie est juste l'apparence physique.\n\n-   `Le server` (serveur) : c'est elle le cerveau qui gère tous les calculs derrière et nous renvoie les résulats qu'on voit sur l'application.\n\n## Un petit exemple de ce que Shiny nous offre\n\n\n::: {.cell}\n\n```{.r .cell-code}\nlibrary(shiny)\n```\n\n::: {.cell-output .cell-output-stderr}\n```\nWarning: le package 'shiny' a été compilé avec la version R 4.2.3\n```\n:::\n\n```{.r .cell-code}\ninputPanel(\n  selectInput(\"n_breaks\", label = \"Number of bins:\",\n              choices = c(10, 20, 35, 50), selected = 20),\n  \n  sliderInput(\"bw_adjust\", label = \"Bandwidth adjustment:\",\n              min = 0.2, max = 2, value = 1, step = 0.2)\n)\n```\n\n::: {.cell-output-display}\n```{=html}\n<div class=\"shiny-input-panel\">\n<div class=\"shiny-flow-layout\">\n<div>\n<div class=\"form-group shiny-input-container\">\n<label class=\"control-label\" id=\"n_breaks-label\" for=\"n_breaks\">Number of bins:</label>\n<div>\n<select id=\"n_breaks\"><option value=\"10\">10</option>\n<option value=\"20\" selected>20</option>\n<option value=\"35\">35</option>\n<option value=\"50\">50</option></select>\n<script type=\"application/json\" data-for=\"n_breaks\" data-nonempty=\"\">{\"plugins\":[\"selectize-plugin-a11y\"]}</script>\n</div>\n</div>\n</div>\n<div>\n<div class=\"form-group shiny-input-container\">\n<label class=\"control-label\" id=\"bw_adjust-label\" for=\"bw_adjust\">Bandwidth adjustment:</label>\n<input class=\"js-range-slider\" id=\"bw_adjust\" data-skin=\"shiny\" data-min=\"0.2\" data-max=\"2\" data-from=\"1\" data-step=\"0.2\" data-grid=\"true\" data-grid-num=\"9\" data-grid-snap=\"false\" data-prettify-separator=\",\" data-prettify-enabled=\"true\" data-keyboard=\"true\" data-data-type=\"number\"/>\n</div>\n</div>\n</div>\n</div>\n```\n:::\n:::\n",
    "supporting": [],
    "filters": [
      "rmarkdown/pagebreak.lua"
    ],
    "includes": {
      "include-in-header": [
        "<link href=\"site_libs/selectize-0.12.4/css/selectize.bootstrap3.css\" rel=\"stylesheet\" />\r\n<script src=\"site_libs/selectize-0.12.4/js/selectize.min.js\"></script>\r\n<script src=\"site_libs/selectize-0.12.4/accessibility/js/selectize-plugin-a11y.min.js\"></script>\r\n<script src=\"site_libs/ionrangeslider-javascript-2.3.1/js/ion.rangeSlider.min.js\"></script>\r\n<script src=\"site_libs/strftime-0.9.2/strftime-min.js\"></script>\r\n<link href=\"site_libs/ionrangeslider-css-2.3.1/css/ion.rangeSlider.css\" rel=\"stylesheet\" />\r\n"
      ]
    },
    "engineDependencies": {},
    "preserve": {},
    "postProcess": true
  }
}