{
  "hash": "6b21a250588dde6f79d83bc9a62d55df",
  "result": {
    "markdown": "# Summary\n\nIn summary, this book has no content whatsoever.\n\n\n\n::: {.cell}\n\n```{.r .cell-code}\n1 + 1\n```\n\n::: {.cell-output .cell-output-stdout}\n```\n[1] 2\n```\n:::\n:::\n",
    "supporting": [
      "summary_files"
    ],
    "filters": [
      "rmarkdown/pagebreak.lua"
    ],
    "includes": {},
    "engineDependencies": {
      "knitr": [
        "{\"type\":\"list\",\"attributes\":{},\"value\":[]}"
      ]
    },
    "preserve": null,
    "postProcess": false
  }
}